topic_id,project,first_date,subject,message_count,review_scope,kind,family,reason
topic-0334181e11178939,maven,2024-11-22,[DISCUSS] Switch to GitHub issues,51,full_exported_plain_bodies,cross_boundary,maven-jira-github-migration,"November 22 explicitly resumes earlier general Jira migration discussion; December debate considers Jira permissions, manual/full migration, and release conventions, then January 3 tool readiness and request for committer support. Link to December vote same family; earlier May 2023 discussion already requests same general migration. Test migration in outside support-and-care repositories is not production PMC/foundation disposition. OpenElements Support and Care assistance may be external exposure, not foundation receiver."
topic-04fb1c37d1707ed0,httpd,2024-02-03,,4,full_exported_plain_bodies,excluded,,"Four unrelated blank-subject bodies: TAC event assistance announcement, one signature-only mail, and two unsolicited contact messages. No in-cohort binding proposal. Blank titles were not assumed to be harmless without body inspection."
topic-0614db15fd34ecbf,maven,2025-01-02,Leveraging SonarQube Cloud (fka SonarCloud),13,full_exported_plain_bodies,cross_boundary,maven-sonarqube-onboarding-2025,"January 2 proposal to enable SonarCloud for core explicitly requires Infra onboarding ticket per repo; local trial on support-and-care fork and objections, January 6 security concern with workflow_run. No ticket or executed foundation onboarding shown. Source-defined service commitment request retained, not proof of outcome; provider permission change needs independent primary verification."
topic-09702123c15d4b5d,maven,2023-05-19,Unreliable TCP and retries for maven publish,10,full_exported_plain_bodies,excluded,,"May 19-23 HTTP retry bug report, diagnosis, reproduction logs and resolver/Wagon patch offer (WAGON-572/MRESOLVER-361). Ordinary technical repair, no binding policy or foundation service request. Corporate employer identity does not create a foundation boundary."
topic-0c477cbc04a6a1ab,httpd,2023-05-03,ci jobs,2,full_exported_plain_bodies,excluded,,FYI re-enablement of local CI jobs and acknowledgement; no request for binding change or foundation service.
topic-0fb9f1a6c4674f14,httpd,2023-04-12,ci vs PR approvals? (was: [apache/httpd] Fix a possible NULL pointer dereference in hook_uri2file (PR #355)),18,full_exported_plain_bodies,cross_boundary,httpd-ci-approval-2023,April 12 CI approval/PR-closing failure; INFRA-24457 created same day; April 25 requester-side summary offers monitoring for auto-approval or a switch to writable Git. Reported Slack and ticket response not directly inspected. Migration request may be a distinct requested deliverable; final family adjudication pending.
topic-11fc1977cb62ee61,maven,2023-08-17,Mailing list threading improvements,1,full_exported_plain_bodies,cross_boundary,foundation-github-mail-threading-2023,August 17 Comdev circular same original Message-ID/body as other cohort lists; default GitHub notification threading changes October 1 with .asf.yaml opt-out. One shared service policy family; Maven adaptation/receiver evidence and dated Comdev authority pending.
topic-13c0098cdcc4d298,maven,2023-05-21,maven-gpg-plugin CI broken,1,full_exported_plain_bodies,ambiguous,maven-gpg-ci-repair-2023,May 21 asks someone with relevant permissions to repair Windows/JDK8 GHA on gpg PR 51. No response within topic; shared infrastructure versus local workflow permission unresolved. Referenced PR needed before ruling ordinary local test repair or foundation service request.
topic-1427a571195ce95e,httpd,2025-10-17,mod_allowmethods experimental?,1,full_exported_plain_bodies,excluded,httpd-allowmethods-documentation-query-2025,"Question asks why existing module documentation calls it experimental and how recommendations compare with CIS. No binding adoption request, new governance policy or shared-service act."
topic-15027f5280556e6a,httpd,2023-04-24,build trunk in windows,9,full_exported_plain_bodies,excluded,httpd-windows-build-support-2023,"Personal Windows build question leads to header declaration fix and June confirmation. Ordinary build support and patch; no shared-service receiver, binding direction or compliance decision."
topic-150cad0043e08900,maven,2023-01-19,Downtime for multiple Jenkins Controllers,1,full_exported_plain_bodies,cross_boundary,foundation-jenkins-maintenance-2023,"January 19 Infra announcement schedules January 22 controller migration/DNS downtime, explicitly lists ci-maven and says no PMC action needed. Retain shared-service withdrawal/maintenance for opportunity adjudication; announcement alone does not show a receiver request, adaptation, or qualifying reciprocal act. Dated Infra authority and actual service disposition pending."
topic-1569588c0ee0fdd0,maven,2025-02-06,"Discussion: Commit / review (/merge) ""policy""",6,full_exported_plain_bodies,local_other,maven-pr-review-policy,"February 6 proposes PR/review requirement with PMC exceptions after merged site PR 569; February 7 Herve vetoes that prior policy change and demands revert, rejects PMC/committer technical distinction. Binding governance proposal, not ordinary patch. Need PR history/earlier March 2023 branch-protection request to determine review-policy onset and completed/reopened deliverable; unrelated privacy issue 660/INFRA-26115 becomes a referenced candidate, not evidence of this vote outcome."
topic-17ca7e98b2766cea,httpd,2023-02-10,MS-WDV and other MS extensions,7,full_exported_plain_bodies,excluded,,MS WebDAV extension option syntax discussion for an ordinary implementation patch; no binding policy change or foundation-service request.
topic-2009b0c184dc447f,httpd,2025-04-25,Update of release scripts to work with git / Github instead of Subversion,5,full_exported_plain_bodies,cross_boundary,httpd-svn-git-migration-2023,April/May 2025 release-script conversion continues the same Git migration. Keep release branches/tags and Gitbox access guidance as follow-up context; no separate authority shift or new onset inferred.
topic-2094a890ae778f59,httpd,2025-03-14,[I] profile key is not allowed under publish stanza [httpd-site],4,full_exported_plain_bodies,excluded,,"Four automated issue notifications concerning an invalid publish profile configuration key; ordinary site configuration correction, no binding policy change or service request. Notifications alone do not initiate a new eligible family."
topic-20e7c38edf53db73,httpd,2024-07-05,mod_md in 2.4.61 fails to compile with openssl < 1.1.1,18,full_exported_plain_bodies,excluded,httpd-openssl-compatibility-fix-2024,"Initial suggestion to require OpenSSL 1.1.1 is superseded by patches retaining 1.0.2 compatibility, tested and committed r1919026 July 8. No adopted support-policy change; ordinary regression fix."
topic-223e675d6ae35fd5,httpd,2023-02-15,[VOTE] broader RTC exception for 2.4.x CI changes,5,full_exported_plain_bodies,local_other,httpd-rtc-ci-exception-2023,"Formal vote broadens 2.4.x RTC exception to all CI configuration and scripts; four support replies including SPAM-title mirror, then February 21 implementation at SVN r1907783. Local decision; no documented foundation receiver act."
topic-2276b593da786a95,maven,2023-03-09,Migrating Apache Resource Bundles from svn to Git,2,full_exported_plain_bodies,ambiguous,maven-apache-resources-git-migration-2023,March 9 lazy-consensus proposal migrates Apache Resource Bundles SVN to Git (MASFRES-20); March 11 requester reports repository/site done. No foundation receiver action directly shown. Follow original ticket/repository history and dated roles before deciding cross-boundary eligibility; different repository from httpd migration.
topic-239680fb7533abba,maven,2024-12-06,[PR] Add LICENSE and NOTICE files [maven-hocon-extension],1,full_exported_plain_bodies,excluded,,"December 6 mechanically routed Gitbox PR opening adds LICENSE/NOTICE files with no comment (hocon PR17). Ordinary compliance-file patch, no new policy or foundation ruling; body inspected despite bot route. Title alone was not used to exclude it."
topic-23c6680250406ac0,maven,2024-12-09,repository.apache.org and Nexus 2 EOL,3,full_exported_plain_bodies,ambiguous,foundation-nexus2-service-continuity,"December 9 asks if Infra knows Nexus 2 June 2025 sunset and what shared publication service will replace it. Reply suggests private Slack says ASF Nexus 2 will stay; not inspected receiver evidence. Retain service-continuity inquiry pending independent provider notice, historical authority and public disposition; do not infer actual ASF loss from upstream EOL."
topic-244714798e7ea439,maven,2023-03-29,A Message from the Board to PMC members,1,full_exported_plain_bodies,cross_boundary,foundation-pmc-oversight-reminder-2023,"March 29 same literal original Message-ID/body as HTTPD/Ant/Tomcat Board circular; collective oversight, equal voices/votes, private-list subscription and succession duties. One shared foundation directive, not another independent Maven intervention. No Maven receiver response in topic; historical Board authority and individual exposure follow-up pending."
topic-25ec9a12d91a55a9,httpd,2025-12-10,GHA enablement for s390x and ppc64le,3,full_exported_plain_bodies,ambiguous,foundation-ibm-gha-runners-2025,"December 10 IBM offers z/power runners requiring app installation and IBM ID. HTTPD reply says central Infra would need to approve. December 23 references Kafka tickets, without an observed HTTPD service request or receiver act. Inspect same-day Maven offer and bounded 2026 follow-up; preserve shared provider initiative without multiplying foundation directive families."
topic-2af108bcbe25ac32,httpd,2023-09-30,Please support/enable https by default in the Apache web sever.,15,full_exported_plain_bodies,excluded,,"External user requests an easier default HTTPS/test certificate configuration. Replies explain downstream distributions supply installation packages and give configuration recipes. Ordinary feature/configuration request and support, not a proposal for binding project governance, technical policy or foundation service."
topic-307a54321bcfc2bf,maven,2025-12-10,Request to enable GHA builds for s390x and ppc64le,10,full_exported_plain_bodies,ambiguous,maven-ibm-gha-runners-2025,"December 10 IBM offers hosted s390x/ppc64le runners; local replies support experimental nonblocking jobs and December 14 participant offers IBM login. External-provider offer is not foundation directive, but installing GitHub app/ASF permissions may cross service boundary. No Infra approval or executed runner jobs in topic. Follow original app/config change and bounded 2026 messages; do not merge with 2024 Jenkins Java update or httpd different repository deliverable without provenance."
topic-316613cda03e3b04,maven,2025-08-11,[RESULT] [VOTE] Introduce Prevent Branch Protection Rules,5,full_exported_plain_bodies,cross_boundary,maven-branch-deletion-force-protection-2025,"August 11 tally passes and intends rollout; September 11 requester says all Maven repos enabled, links wiki pQmPFg. Must inspect original dated configuration/receiver execution rather than equate self-report with independent foundation response. Same July request family; subsequent review/status pilot is different deliverable."
topic-31ce6e208936e35a,httpd,2025-09-03,digicert ocsp change,9,full_exported_plain_bodies,excluded,,"September 3 reports external DigiCert OCSP change; ordinary one-line compatibility patch is applied then reverted September 4; November 12/13 notes changed provider wording. No binding direction/service request. Retain independently referenced provider policy as potential shock context, without treating current revised wording as the earlier announcement."
topic-31e43f608a556f0a,httpd,2024-01-12,New type of spam bugzilla entries,3,full_exported_plain_bodies,ambiguous,httpd-bugzilla-spam-2024,Request to apply a consistent delete/ban rule to contextual spam; another developer recommends it and requester reports Done. Shared ASF service boundary and authority of moderation require checking; not an observed Infra decision.
topic-3668e8d205d648f0,maven,2025-08-05,[VOTE] Introduce Prevent Branch Protection Rules,17,full_exported_plain_bodies,cross_boundary,maven-branch-deletion-force-protection-2025,August 5 vote prevents force push/branch deletion on default and maintenance branches through ASF yaml. August 6 requester reports Infra Slack confirms both synced; original public receiver act uninspected. Rebase/signature suggestions not included in vote and cannot be coded as adopted policy. Same July discussion family.
topic-37fb1aa0560860ae,httpd,2024-12-13,httpd 2.4 -> next,8,full_exported_plain_bodies,ambiguous,httpd-roadmap-2024,December 2024 future discussion explicitly asks for an agreed technical roadmap; chair proposes C11/OpenSSL 3 and a 2.5-to-2.6 route. Distinguish exploratory options from a binding direction request; no adoption or foundation intervention inferred.
topic-39507487d20f89e1,maven,2023-03-30,Partial breakage in maven-stage-plugin CI: No GitHub app credentials found,4,full_exported_plain_bodies,ambiguous,maven-stage-retirement,"March 30 GitHub app credential failure prompts fix request; reply guesses GitHub SSH-key change, which is not independent shock evidence. March 31 switches to retiring unused Stage plugin, asks who can archive repo/tracker. Service repair and retirement are distinct requested deliverables; later formal retirement vote may join retirement family only. Foundation receiver authority/disposition and earlier onset pending."
topic-416560f86446962e,httpd,2024-10-28,[PR] HelpWanted has been dormant for 6+ years. [httpd-site],2,full_exported_plain_bodies,cross_boundary,foundation-helpwanted-retirement-2024,"HelpWanted website PR #15 is a receiver-side candidate: opened October 27, human support October 28, automated merge notification October 29. Follow original public PR before treating notification mirror as executed disposition. Same service retirement family."
topic-47eaecea9801f9e9,httpd,2024-12-18,Move to git (Was: Re: httpd 2.4 -> next),20,full_exported_plain_bodies,cross_boundary,httpd-svn-git-migration-2023,"December 2024 continuation explicitly cites the 18-month-old passing vote. INFRA-26379 opened December 18; public explanation of SVN read-only conversion and Git canonical location; preparations continue through February 2025. Same requested migration deliverable, not a reset onset. Follow referenced public ticket and wiki; no private configuration access."
topic-50789fd1e5b49f1e,httpd,2023-05-04,[VOTE] Switch read/write repository from Subversion to Git,35,full_exported_plain_bodies,cross_boundary,httpd-svn-git-migration-2023,"Formal May 4 vote following April CI/service problem; 13 GitHub votes, zero Gitbox-only, three status-quo in May 11 tally. Need original quoted-option vote verification where display deduplicated identical choices. Historical foundation roles and Infra request/disposition pending. Later 2024 continuation cannot reset onset. Identical quoted X vote choices for Rainer Jung, Mario Brandt and Jean-Frederic Clere separately reread in complete raw bodies; original helper omission did not imply no vote."
topic-549dfac29c021e91,maven,2023-04-13,[HEADS UP] ASF/Maven parent poms,9,full_exported_plain_bodies,ambiguous,maven-parent-process-2023,"April parent release planning includes ordinary dependency fixes plus proposals to require squash merges only and stop Jira for dependency updates, and discussion of global ASF parent requirements. Separate policy deliverables need prior discussion/onset and outcome; no formal release-vote opening here. Do not collapse every proposed workflow change into one parent-release family."
topic-57ecdc3d4754df57,maven,2025-02-07,Supply Chain Attacks and Insider Threats,9,full_exported_plain_bodies,cross_boundary,maven-inactive-committer-rights-2025,"February 7 draft proposes mandatory PR reviews, committer identity checks, removal of inactive access, 2FA and dependency-range warning. February 9 concrete yearly revoke after four inactive years with ask-to-restore, February 17 suggests parallel PMC emeritus status. Separate governance-rights deliverables from review policy family; LDAP/Whimsy shared-service boundary needs dated rules/receiver acts. Existing 2FA claimed already enforced, not new adoption. xz background claim requires independent primary shock evidence; no result/vote in topic."
topic-5901ce17dc60c1fb,httpd,2025-11-01,mod_replace and mod_random,19,full_exported_plain_bodies,excluded,httpd-random-replace-feature-proposal-2025,"Contributor proposes two modules, gets implementation preferences and existing contribution procedure, and submits Bugzilla 69886. Ordinary feature contribution; no collective binding project direction or foundation acceptance act documented."
topic-597165c0885aac57,maven,2025-02-12,Shall we retire Maven PDF plugin?,4,full_exported_plain_bodies,local_other,maven-pdf-retirement-2025,"February 12 PDF retirement proposal follows earlier Doxia incompatibility discussion; February 13 asks formal vote and two support replies. Join February vote/result after reading them; earlier PR/onset needed. Plugin retirement is local direction, not formal release baseline or demonstrated Infra act."
topic-5a8485ac3a7aec15,maven,2025-04-30,[VOTE] Require Java 21 for Maven 4 (Rephrased Vote),32,full_exported_plain_bodies,local_other,maven-core-java21-2025,"April 30 rephrased original proposal adds request for downvote reasons. May 4 result has six binding +1 and five binding -1 but author calls unsuccessful in light of objections; participants dispute tally interpretation through May. Local binding technical direction retained, no foundation receiver act. Explicitly same family as cancellation, not a second event or release baseline."
topic-5d2f6a06da6f2a15,maven,2023-05-24,[QUESTION] Cannot deploy snapshot - do I miss some config?,6,full_exported_plain_bodies,excluded,,"May 24 snapshot permission/onboarding problem concerns incubator-opendal, outside fixed cohort; May 25 requester reports Infra setup resolved. Request on Maven list does not turn OpenDAL infrastructure episode into Maven PMC exposure."
topic-6013621c7e46229c,maven,2023-03-04,Protect master branch,4,full_exported_plain_bodies,ambiguous,maven-core-branch-protection-2023,"March 4 request follows accidental unreviewed/untested pushes to master; March 5 reply identifies ASF self-service .asf.yaml and requester submits PR 1035. Retain proposed binding review/test protection and shared-service boundary pending PR outcome, role and authority. Do not equate a submitted PR with implemented protection or merge later branch-deletion policy without checking deliverables."
topic-639f44f796c77735,maven,2023-04-20,maven2 down?,2,full_exported_plain_bodies,cross_boundary,maven-central-outage-2023,"April 19 user forwards repo.maven.apache.org outage report sent to users@infra; April 21 Olivier reports resolved within three/four hours. Retain service restoration request; receiver role, primary incident timing and provider/foundation boundary unresolved. A resolution summary does not establish an independently observed Infra action or coupling."
topic-64891941aee032ca,maven,2024-11-20,Re-enable jenkins for s390x,1,full_exported_plain_bodies,cross_boundary,maven-jenkins-s390x-2024,"November 20 asks local CI re-enable for s390x after reported Infra Java update resolves MNG-8284. Need original earlier request/ticket and dated receiver action for Java update, separate local enablement adaptation. Topic alone only self-report; later December 2025 IBM GHA offer is different service/platform deliverable."
topic-68b72d9adfba3ea8,maven,2025-07-30,[DISCUSS] Branch Protection Rules,18,full_exported_plain_bodies,cross_boundary,maven-branch-deletion-force-protection-2025,"July 30 requests OpenSSF tiers; July 31/August 1 questions Gitbox enforcement, points to dated May Infra announcement fgbr2y0r8yn9dj8myd8csk85ybf3mm48. August 5 formal vote limited to prevent force push/deletion; September 11 reports implementation then revives separate review/test-required pilot, site master-test and PRs1390/1391. Preserve distinct deliverables and earlier 2023 review-request onset. Public Infra rule implementation/reference pending; Slack confirmation is requester report only."
topic-757b361aaf473c0c,maven,2025-05-04,[RESULT][VOTE] Require Java 21 for Maven 4 (Rephrased Vote),21,full_exported_plain_bodies,local_other,maven-core-java21-2025,"May 4 tally reports 6:5 positive binding majority but author calls vote unsuccessful; replies demand procedural majority respected, propose postponement, and dispute Java support claims through May 25. Do not replace contested disposition with a simple pass/fail from counting votes. Need bounded later implementation/authority sources; Java 17 end-of-public-support claims depend on vendor and are explicitly contradicted within thread."
topic-75957951c8291b58,maven,2024-08-28,Disable ASF GitHub Bot comments in JIRA,3,full_exported_plain_bodies,ambiguous,maven-jira-bot-comments-2024,"August 28 proposed .asf.yaml setting removes automatic GitHub PR-comment copies in Jira; two support replies August 29. Shared ASF bot configuration but self-service local change and no receiver act shown. Retain pending dated authority/implementation, distinct from Jira migration."
topic-8b8089812afff9fd,maven,2024-12-18,[VOTE] Switch to GitHub issues from JIRA,12,full_exported_plain_bodies,cross_boundary,maven-jira-github-migration,December 18 vote authorizes migration project by project but expressly leaves technical decisions/open issues and individual repository choices to later discussions. December 21 tally passes. Follow linked prior discussion for earliest onset and repository requests for family boundaries; broad approval does not mean every repository migrated or independently instantiate all episodes. Subsequent body review finds May 26 2023 general migration proposal and explicit November 22 continuation; do not reset onset at formal vote. Final earliest-source adjudication remains pending.
topic-8c4c95d3c9b3d13b,httpd,2023-08-17,release?,3,full_exported_plain_bodies,excluded,,"August 17 release planning and RM offer, with support replies August 23. No formal vote opening here; retain as context when identifying the subsequent release family, not as a baseline sampling key."
topic-8ccf6940c2797b72,maven,2023-10-21,[RESULT] [VOTE] Retire Maven Docck Plugin,1,full_exported_plain_bodies,local_other,maven-docck-retirement-2023,"October 21 result of October 16 UTC Docck retirement proposal; not a new family or release baseline. Author says will continue retirement steps, which is intent rather than executed repository archival."
topic-8d0bca8f920d6cc6,httpd,2024-04-02,mod_systemd: refactor to get rid of libsystemd dependency?,5,full_exported_plain_bodies,ambiguous,httpd-systemd-dependency-policy-2024,"April 2 asks whether to remove libsystemd dependency after xz attack; divergent local support and cautions, with upstream dlopen mitigation reported. Distinguish ordinary proposed refactoring from a binding dependency policy. Do not infer a foundation receiver or common shock from sender description alone."
topic-9219046b3a3d0c69,httpd,2023-10-19,OpenSSL 3.0 deprecations,1,full_exported_plain_bodies,excluded,,FYI compiler deprecation warning inventory for OpenSSL 3.0/3.1; no binding proposal or authorized foundation action. Retain only dependency context if linked to an eligible episode.
topic-9415a114237fe5a0,httpd,2023-01-09,stable branch,7,full_exported_plain_bodies,excluded,,Ordinary backport process question and client URL support; HTTPS relocate succeeds and author reports commit. No requested binding policy/service change or authorized foundation receiver.
topic-96a552f0d6c786d7,httpd,2025-07-07,How long to support 3rd party dependencies?,3,full_exported_plain_bodies,local_other,httpd-dependency-support-policy-2025,"July 7 binding dependency-support policy proposal (ten years/upstream support); July 15 chair recommends supported-platform baseline, August 11 proposer accepts approach. No final adopted rule in this thread; follow reference/context and retain ongoing/unknown disposition as warranted."
topic-976d2c51f38bf43e,maven,2025-07-06,"Communicate around OSSRH end of life, maven-deploy-plugin and central-publishing-maven-plugin ?",32,full_exported_plain_bodies,ambiguous,maven-central-publishing-policy-2025,"July 6 asks official guidance on OSSRH sunset/new proprietary publishing protocol; replies distinguish protected ASF from outside users, propose native deploy plugin/SPI and ordinary proof-of-concept PR 612, withdrawn August 8 after objection. Binding standard/vendor support policy unclear, retain ambiguity rather than count patch as cross-boundary intervention. Independently verify Sonatype sunset and ASF exemption; Trino/Jetty constraints are outside-cohort exposures. Prior 2024/2025 Njord discussions needed for onset/deliverable."
topic-97ecdd627bdd141c,httpd,2023-05-08,what does svn/github integration mean? (was:: [VOTE] Switch read/write repository...),1,full_exported_plain_bodies,cross_boundary,httpd-svn-git-migration-2023,"Same migration vote, renamed subject discussing GitHub SVN proxy removal; external provider policy requires independent primary source."
topic-9ba78862a300d50e,maven,2024-04-13,[VOTE] Move AFS Parent POM and Maven Parent POMs issues to GitHub,10,full_exported_plain_bodies,cross_boundary,maven-parent-jira-github-2024,"April 13 vote requests MPOM Jira read-only, GitHub issues enabled for ASF/Maven parent repos, leaves issues for manual copy and updates documentation after next releases. April 20 passes; submitter will process tasks, not yet a receiver act. Specific parent-repository deliverable distinct from December general migration authorization unless original discussion proves a continuous family."
topic-a0261fedecfb3467,httpd,2025-05-05,Website,2,full_exported_plain_bodies,cross_boundary,foundation-viewvc-access-restriction-2025,"May 5 reports broken ViewVC links since February and references INFRA-26600/26718. May 9 foundation-side explanation says ViewVC now committers-only because of AI scraping. Earlier policy onset, historical authority, independent shock and receiver implementation still require original sources."
topic-a0a2cbf456e322db,httpd,2024-01-24,PR #363,14,full_exported_plain_bodies,excluded,,"Ordinary documentation PR converting README to Markdown; concern about rename resolved with a local symlink and patch support. CTR comment applies the existing process, without proposing a binding policy change."
topic-a3e955ed14d95a64,httpd,2024-09-13,intent to rip out mod_tls,9,full_exported_plain_bodies,local_other,httpd-mod-tls-removal-2024,"September 13 repeated removal proposal (trunk plus 2.4.x); several abstentions, one +0.5 and own +1; September 17 author reports removal and external repository. Same module-removal deliverable continues April onset; do not reset horizon. Two duplicate original IDs have identical plain bodies but differing raw delivery versions."
topic-a4c46406ed577a2d,maven,2024-04-10,[DISCUSS] Eclipse wiki shutting down re Aether (MRESOLVER-289),5,full_exported_plain_bodies,excluded,,April 10 external Eclipse wiki shutdown prompts Aether documentation migration; same-day developer attaches Markdown export to MRESOLVER-526 and suggests importing into 2.0.0. Ordinary documentation maintenance without a foundation receiver commitment or binding policy. External service closure may enter shock ledger only with independent primary source and selected episode exposure.
topic-a76f8e1804b27672,httpd,2025-07-10,(httpd-site) branch main updated: publishing release httpd-2.4.64,2,full_exported_plain_bodies,ambiguous,httpd-vulnerability-report-threshold-2025,"Site-publication bug is repaired locally, but quoted CVE-2024-43394 wording announces a higher threshold for vulnerability reports involving UNC paths. Retain potential binding security/report policy; quoted export itself abbreviates long values, so retrieve original dated policy and authority before resolving onset/eligibility."
topic-a8d6c7abf53ed118,maven,2023-10-16,[VOTE] Retire Maven Docck Plugin,11,full_exported_plain_bodies,local_other,maven-docck-retirement-2023,October 16 UTC formal retirement proposal: final release/site notice then read-only code. Ten named positive voters; October 21 result declares nine binding plus one nonbinding. Local technical-direction/retirement decision; shared-service implementation and dated role checks pending. No formal release baseline opening in this topic.
topic-a97976de56043b27,httpd,2023-03-24,[RFC] JSON logging support for httpd 2.4.x,5,full_exported_plain_bodies,excluded,,Preliminary ordinary JSON-logging patch with requests for review and PR 353/373 references; no proposal to alter binding technical direction or foundation service. No-feedback report is not evidence of lost authority.
topic-a9d740db4843e98d,httpd,2024-10-25,Retirement of HelpWanted.apache.org,1,full_exported_plain_bodies,cross_boundary,foundation-helpwanted-retirement-2024,Comdev reports its decision to shut down HelpWanted and asks httpd to adjust linked pages. Follow referenced October 28 site PR; dated Comdev service authority and receiver implementation pending.
topic-aa818c36fae5bf0b,httpd,2023-08-17,Mailing list threading improvements,1,full_exported_plain_bodies,cross_boundary,foundation-github-threading-default-2023,August 17 Comdev notice changes GitHub mailing defaults October 1 with repository-level opt-out. Same shared directive as other cohort copies; directive announcement is not proof of each project response.
topic-ab457bbd418f26ce,maven,2023-04-01,ASF Parent POM - minimalMavenBuildVersion,7,full_exported_plain_bodies,ambiguous,maven-asf-parent-minimum-build-2023,"April 1 proposal raises ASF parent minimum Maven build version from 3.2.5, distinguishes global ASF POM from previous Maven-plugin minimum 3.5.4 decision. No final adoption in topic. Possible binding common build-policy deliverable, foundation authority/scope and previous-year onset pending; do not infer foundation direction from ASF in artifact name."
topic-ae010811981466e8,httpd,2023-02-15,"CI status update: Travis out, GitHub Actions in",3,full_exported_plain_bodies,cross_boundary,httpd-ci-approval-2023,Reports migration from Travis to GHA and ASF default requiring approval on every non-contributor PR from March 19; policy origin and effective-date source pending. CI tool migration and approval constraint separated from local RTC exception.
topic-b094c3920cd44a81,maven,2024-01-31,Why some of the files are not with ASF headers?,2,full_exported_plain_bodies,ambiguous,maven-license-header-policy-2024,"January 31 asks normative ASF source-header rule and explicitly distinguishes policy from exclusion-tool configuration. No response here; retain authority/guidance ambiguity, do not equate a request for explanation of existing rule with adoption of a new binding policy."
topic-b8a4f9faeafa43fb,maven,2023-06-06,private@maven.apache.org,1,full_exported_plain_bodies,excluded,,"Despite private@maven title, public body is June 6 result for Maven Project Info Reports Plugin 3.4.5 with intention to promote artifacts. Join matching original formal release vote family when frame built; not a private governance episode or independent release opening. No private access performed."
topic-badeaa8065bfb3aa,maven,2025-10-21,Remove users mailing list,2,full_exported_plain_bodies,ambiguous,maven-users-list-retirement-2025,October 21 proposal removes users@ and consolidates discussions on dev@ due to perceived low response; reply points to existing answer and asks what problem. Retain possible binding communication/service-retirement request pending outcome/authority; no foundation receiver action or accepted closure here.
topic-bce1059b92d129c0,httpd,2024-02-16,libapreq subproject roll call,8,full_exported_plain_bodies,local_other,httpd-libapreq-retirement-2024,"February 16 viability/terminal-release roll call, continuing same requested retirement; possible Attic route said inapplicable to subprojects, private discussions unavailable, maintenance commitments limited and March 31 volunteer. Follow later release/EOL records without treating roster self-reports as an independent common shock."
topic-be099357000868ed,maven,2024-03-02,[RESULT][VOTE] Require Java 17 for Maven 4,1,full_exported_plain_bodies,local_other,maven-core-java17-2024,"March 2 tally declares PMC majority reached and intends transition; also promises plugin history and general Java 8 support for 3.x plugins with jlink exception. Same core Java 17 family; additional plugin-policy commitments need prior discussion/deliverable checks. Author role lists require dated verification, including community tally not identical to visible dev-list replies."
topic-c491723346a5a426,httpd,2024-02-14,using changes-entries or write in CHANGES directly,5,full_exported_plain_bodies,excluded,,Question about existing CHANGES workflow and explanation of conflict-free backport handling; no requested binding change or foundation intervention.
topic-c4e04d0586a434a1,maven,2023-05-26,GH issues and GH discussions,31,full_exported_plain_bodies,cross_boundary,maven-jira-github-migration,"May 26 original general migration discussion expressly prompted by ASF Jira account restrictions/Atlassian user limit; asks repository-by-repository switch and separate central GH discussion lobby. May 29 asks general formal vote after/before pilot debate; May 31 discusses Infra bot subject-format feature already merged for other projects. General Jira migration likely precursor/same requested deliverable as November 2024 and December vote; GH discussion lobby independent. Final onset/dedup awaits other earlier topics, no migration implementation here."
topic-c76b840b7c2bcaeb,maven,2024-04-20,[RESULT] [VOTE] Move AFS Parent POM and Maven Parent POMs issues to GitHub,1,full_exported_plain_bodies,cross_boundary,maven-parent-jira-github-2024,"April 20 tally reports four binding +1, two nonbinding +1 and one nonbinding +0 for parent issue migration. Same April 13 family; dated authority and executed Jira/repo change pending."
topic-c89a9690807f6e27,httpd,2023-08-27,Time for a new libapreq2 release?,7,full_exported_plain_bodies,cross_boundary,httpd-libapreq-release-account-2023,"August 27 request for another libapreq release; August 28 account failure, Greg Stein offers repair, user accepts, Greg reports re-added committers group and SVN access. Separate service-repair deliverable from 2024 mothball/discipline. Role, authority and directly executed receiver disposition require dated checks."
topic-c9dc91e081ba38dd,maven,2023-05-26,ASF Maven credential in a project-wise token?,2,full_exported_plain_bodies,excluded,,"May 26 asks how to configure artifact-deployment credentials for OpenDAL, outside fixed PMC cohort; reply describes existing ASF Jenkins credentials/apache parent configuration. No in-cohort binding policy change or new service commitment."
topic-ca53aefe5b3a9020,httpd,2023-01-17,mod_wasm: Contributing Upstream to Apache,28,full_exported_plain_bodies,excluded,,"In-window replies continue November 14 2022 upstream module contribution, quoted in May 30 original message. Earliest onset is baseline context, not primary-window episode; retrieve referenced original to corroborate. June 1 unrelated unsubscribe request is ordinary user support. No foundation role inferred from Apache address."
topic-cd925b7f207cab06,httpd,2023-02-16,*** SPAM *** [VOTE] broader RTC exception for 2.4.x CI changes,1,full_exported_plain_bodies,local_other,httpd-rtc-ci-exception-2023,"Reply to the same original RTC-exception vote; spam prefix is a navigation variant, not a new family."
topic-ce30aa5413efc5fb,maven,2024-12-21,[RESULT] [VOTE] Switch to GitHub issues from JIRA,1,full_exported_plain_bodies,cross_boundary,maven-jira-github-migration,December 21 result authorizes starting project-by-project migration. Same general vote family; named role claims and later receiver execution pending. Elliotte objection tallied +0 is an author interpretation; original says would support some variants and reject others. Subsequent body review finds May 26 2023 general migration proposal and explicit November 22 continuation; do not reset onset at formal vote. Final earliest-source adjudication remains pending.
topic-d03fd71b8c83471e,maven,2023-11-11,Broken unsubscribe,1,full_exported_plain_bodies,ambiguous,maven-list-unsubscribe-2023,"November 11 user requests administrator check failed dev-list unsubscribe after repeated same-address attempts; no reply in topic. Retain shared-list service request for dated role/boundary/follow-up checks. No response is unknown disposition, not a refusal or zero-valued component."
topic-d41dd38412933b22,maven,2025-03-30,Q: does prior contribution to 'archives' also provide jira access for this project?,3,full_exported_plain_bodies,cross_boundary,maven-jira-login-repair-2025,"March 30 contributor cannot reactivate existing Jira account; April 6 Benjamin offers relay to Infra then reports Infra logs show successful login, asks user if resolved. Need direct ticket/receiver evidence and user confirmation; requester/intermediary report does not establish executed repair. Not automatically same family as list unsubscribe or general Jira migration."
topic-d5394821a305b827,httpd,2024-04-16,mod_tls in 2.4.x - remove?,2,full_exported_plain_bodies,local_other,httpd-mod-tls-removal-2024,April 16 proposal to remove unstable mod_tls from 2.4.x because rustls API changed; personal time limitation and one support reply. Dated independent rustls policy is needed before common-shock coding.
topic-d8c8909047be722e,httpd,2023-05-11,[VOTE CLOSED] Switch read/write repository from Subversion to Git,12,full_exported_plain_bodies,cross_boundary,httpd-svn-git-migration-2023,May 11 tally and process guidance from Daniel Gruno; later July/August 2024 discussion shows migration still being prepared. Self-service .asf.yaml settings and Infra cutover described; no cutover within 180 days shown in these messages. Still follow December 2024/2025 continuation and referenced sources.
topic-e3ef7188f4163cf1,httpd,2023-05-24,mod_wasm: A way for creating Apache HTTPD modules securely and in many languages,3,full_exported_plain_bodies,excluded,,"May 24 proof-of-concept and feedback request for additional Wasm module APIs, technical discussion continuing earlier contribution; ordinary experimental patch, not new formal binding direction or ASF service request."
topic-ea72253a6dccda6f,maven,2025-04-30,[CANCELED] [VOTE] Require Java 21 for Maven 4,1,full_exported_plain_bodies,local_other,maven-core-java21-2025,"April 30 cancels original proposal to restart rephrased thread at another participant request; procedural restart of identical deliverable, retain original onset/source ID."
topic-ec7ba32d9aa0aa7d,maven,2025-04-30,[VOTE] Require Java 21 for Maven 4,4,full_exported_plain_bodies,local_other,maven-core-java21-2025,"April 30 original formal proposal raises Maven 4 runtime/bytecode from 17 to 21; canceled 27 minutes later only to rephrase explanation request. Same family as replacement and result, not a release vote/baseline; earlier official Java 17 adoption is an already-disposed different requested standard. Historical Java vendor support claims disputed, not independent shock evidence."
topic-eda44db3512ea53c,maven,2023-05-12,[VOTE] Change to the voting process,21,full_exported_plain_bodies,local_other,maven-vote-minimum-duration-2023,"May 12 formal proposal changes minimum vote window from 72 hours to 30 days, deliberately prompts negative votes; many explicit objections, no cancellation/result in this topic. Binding governance proposal retained even though proposer calls it provocation. Foundation voting rules invoked by local participants, not a documented foundation receiver act. Earlier Speed up release process discussion must be inspected for onset/family distinction."
topic-f2454387006fc3de,httpd,2023-03-29,A Message from the Board to PMC members,1,full_exported_plain_bodies,cross_boundary,foundation-pmc-oversight-reminder-2023,"March 29 Board message explicitly sent to all PMCs, reiterating equal votes, chair duties, subscription and oversight obligations. Shared foundation directive; no independent selected-PMC response or authority shift inferred."
topic-f327c676933bfc4f,httpd,2025-02-05,PR 69561,5,full_exported_plain_bodies,excluded,httpd-openssl-reload-bug-2025,"Bare PR title is an OpenSSL Windows DSO initialization crash; developers copy diagnosis and open upstream issue 26672. Ordinary compatibility debugging, not a service or governance decision."
topic-f4da14bc88d7b702,maven,2024-02-28,[VOTE] Require Java 17 for Maven 4,48,full_exported_plain_bodies,local_other,maven-core-java17-2024,"February 28 procedural majority vote sets Maven 4 core bytecode/runtime minimum Java 17, explicitly excludes parent POM/PR implementation and future Java 21 change; March 2 passes. Later comments are implementation suggestions, not another binding decision. Earlier list discussions needed for onset. No foundation receiver request or act."
topic-f4eadfe6321bfe80,maven,2024-01-04,Nexus returns 400 Bad Request,6,full_exported_plain_bodies,excluded,,"January 2024 Nexus 400 error discussion diagnoses matching staging profile, describes logging and proposes ordinary client exception/message changes (MNG-6795). No binding direction request, new foundation service commitment, or receiver decision in this topic. Referenced INFRA-25344 may hold a separate originating permission request and requires bounded inspection."
topic-fa4f9465ba957e1b,httpd,2023-05-12,PR 66499,5,full_exported_plain_bodies,excluded,httpd-forward-proxy-patch-2023,Bare PR title is HTTP/2 forward proxy behavior and request/filter implementation discussion. Ordinary feature/bug patch without binding project direction or foundation commitment.
topic-fed4073f0988554f,httpd,2024-02-14,release apreq 2.18 and mothball the project,21,full_exported_plain_bodies,ambiguous,httpd-libapreq-retirement-2024,February 14 proposal to release 2.18 and mothball; repeated requests and personal attacks; February 16 chair explicitly bans poster from dev@. Retirement deliverable and disciplinary governance are separate. Board February 21 removes same member from PMC: must inspect resolution and linkage before coding. No motive inferred from offensive speech or ban.
