project,source_id,topic_id,url,export_path,block_number,raw_sha256,plain_body_sha256,date_header,review_date,review_scope
ant,<dbd3e68b-0a65-f838-e260-6eb0d18f34a2@apache.org>,topic-ab0b51a2cd119c69,https://lists.apache.org/api/source.lua?id=6zlb2y42ky01dyfgc1owdw98fnkfn9hc,research/data/asf-access-2026-09-21/sources/ant-2023-01.mbox.gz,10,c9d528eba011ec294dd2da86b4311e814f3f04b5303278592826e2c73b52ed0e,077af0a0f19a86ccef34e28ec20d33252e5906896db908b5a5fd87bcb33fff1a,"Tue, 10 Jan 2023 17:32:16 +0530",2026-09-22,complete plain-text body; linked-source follow-up pending
ant,<87k01ufqp1.fsf@v45346.1blu.de>,topic-ab0b51a2cd119c69,https://lists.apache.org/api/source.lua?id=td1bdwjv78r2gmds9s8xjmy98sq4lpfh,research/data/asf-access-2026-09-21/sources/ant-2023-01.mbox.gz,11,29c569efda282038b58a1af0612010c75c616b254b9fc09a553c30e60de9e22d,187e58b59eae69dc5d05a0938604367a858a3615039af70b1f704aefc365505e,"Tue, 10 Jan 2023 14:46:02 +0100",2026-09-22,complete plain-text body; linked-source follow-up pending
ant,<77796281-643f-8fac-29ae-4effb22a53dd@gmail.com>,topic-ab0b51a2cd119c69,https://lists.apache.org/api/source.lua?id=ybny8zj2ns3r5cv1tokcghfb0yro7yrc,research/data/asf-access-2026-09-21/sources/ant-2023-01.mbox.gz,12,164927a030643ea3307991e7afd4be7a571f27312fd08bff0d1ffb12f2be37f8,8679bbc79dcf25343e00badffdea01a2ac88dcd61e91e78e13a43f4ebd1b9f72,"Tue, 10 Jan 2023 19:19:42 +0530",2026-09-22,complete plain-text body; linked-source follow-up pending
ant,<6335f4359cbfdb7bdd42ed1c434a9077e59af2ed.camel@apache.org>,topic-825b6ba7e70eff07,https://lists.apache.org/api/source.lua?id=ox5vlhn6pw5z0dg2p0ry1ol3r5ff8dsh,research/data/asf-access-2026-09-21/sources/ant-2023-03.mbox.gz,10,695995bf30758973e8e1ed8679a10a818e02cd4818bd3cb70ef91ae246af07eb,d446e4a18400a694390784b8def845380210b15212ad7ef938ac04fbaa77ddd4,"Wed, 29 Mar 2023 08:42:18 -0400",2026-09-22,complete plain-text body; linked-source follow-up pending
ant,<87y1lrqivo.fsf@v45346.1blu.de>,topic-8adc6f62b7339bd3,https://lists.apache.org/api/source.lua?id=o5gvwztcg0rbfnz5jv7zfjvo0bvl0y2k,research/data/asf-access-2026-09-21/sources/ant-2023-05.mbox.gz,4,e673c0b776527d21474993c0b0f5f1aff002765ee4f2edec3218459b6a7c9fa8,98113fd42f7385b96c15e1d89d9125e51285dbff6e92cc502608cf3b9e12a8ba,"Sun, 14 May 2023 12:58:51 +0200",2026-09-22,complete plain-text body; linked-source follow-up pending
ant,<704e8dd9-7a52-8670-ad97-ee910b11f344@gmail.com>,topic-8adc6f62b7339bd3,https://lists.apache.org/api/source.lua?id=g73ob1zftsjw50hn8txcw9jfvqb0qdrc,research/data/asf-access-2026-09-21/sources/ant-2023-05.mbox.gz,5,d0f2c2c34a4399483aa486e63f1534dbc68d87dcc7a22ede4d8db97d49ff0345,96009bba5aff9b002e64a64f9c3129dec9afca95b547ba21cc1974286e84ff7c,"Mon, 15 May 2023 07:13:43 +0530",2026-09-22,complete plain-text body; linked-source follow-up pending
ant,<CAKRyKGW2=EPNO+Kmvw6yQUKKmqRPzqiNZMuFyZPpEMdK40pU_g@mail.gmail.com>,topic-957d2d7a45ac7b89,https://lists.apache.org/api/source.lua?id=x3k0h4vo6bt1pto3xlffq7gl8sqtpvy9,research/data/asf-access-2026-09-21/sources/ant-2023-08.mbox.gz,31,06fe5ea7bbaa4dce165bad9b9b39236944b56c4d0c3948c0bb2d2622ffb4d79a,156a3951a9b2414078c99881c05fdc1af79aa95c1ff0f982154d3b1d7aa0fe49,"Thu, 17 Aug 2023 10:27:39 +0200",2026-09-22,complete plain-text body; linked-source follow-up pending
ant,<87cyzfukuf.fsf@v45346.1blu.de>,topic-7372b3d7c63f4cdf,https://lists.apache.org/api/source.lua?id=h372vt1ztd6gfmgmfkmqzrksx6fpw97g,research/data/asf-access-2026-09-21/sources/ant-2023-08.mbox.gz,49,cba35c2ab4bc8cccaae935b52cb6ac4e861e5549355f5196b38ee412915cbc2b,d36200873de4dab3ef7afacc39cedd5de9d5913c85a0ebd7b2e1b0cd6926acb3,"Tue, 22 Aug 2023 18:02:00 +0200",2026-09-22,complete plain-text body; linked-source follow-up pending
ant,<006101d9d518$03ff1380$0bfd3a80$@infass.com>,topic-7372b3d7c63f4cdf,https://lists.apache.org/api/source.lua?id=q985qs18d88qhgnw6t59hxtx7xch152k,research/data/asf-access-2026-09-21/sources/ant-2023-08.mbox.gz,50,c7402af98a8146e6dfc8b7de4e7b25b184557636a768360c3f003e796ef4042b,ae17b3edf6122c61a82a17aa19cfb44afaaaec6fae2a3857974e6ef92b1a0269,"Tue, 22 Aug 2023 18:45:10 +0200",2026-09-22,complete plain-text body; linked-source follow-up pending
ant,<DM6PR04MB703326DB40931208588D156AA31FA@DM6PR04MB7033.namprd04.prod.outlook.com>,topic-f635825f7119a7a7,https://lists.apache.org/api/source.lua?id=gz60fzp30l03gdnkdbz6sqp1sn40526r,research/data/asf-access-2026-09-21/sources/ant-2023-08.mbox.gz,51,ebb187b3f6f9e129c73b34ddffc7a8eceb84909deb4c7070490dba96033ccd49,f2a32d13e4439dee3e070a47f165f82d27773f0b09e41ea77a63892f42140b40,"Tue, 22 Aug 2023 17:28:18 +0000",2026-09-22,complete plain-text body; linked-source follow-up pending
ant,<c47e7388-62df-4744-b884-70cf77cd3a07@alaska.gov>,topic-7372b3d7c63f4cdf,https://lists.apache.org/api/source.lua?id=oc7y80pd3sh6r7wcy7g30z8y6113pt9f,research/data/asf-access-2026-09-21/sources/ant-2023-08.mbox.gz,52,6c65b1025ce73f5eebb62047713368fcc25b409b5c5c3f2b4e89aa5db37dde69,8e5d6393f1c22dc4cc5e5281b17608937d20e6698f30b7e22bd2a63c34702684,"Tue, 22 Aug 2023 10:15:58 -0800",2026-09-22,complete plain-text body; linked-source follow-up pending
ant,<CAJqChD2+qVJe1PRaCXZ3AQW4zg4jz+5FhRfZO3v7_P9Vjtwtjg@mail.gmail.com>,topic-f635825f7119a7a7,https://lists.apache.org/api/source.lua?id=8vzpod8ls57hbxdw5b0y73n2qcxhfrcm,research/data/asf-access-2026-09-21/sources/ant-2023-08.mbox.gz,53,a433cce7a12ad647b80facfd7043031e71d04e3c5448bb9c200a42e48ef7b907,2be3ff1cd3252f37506fd73284b3f58e169a5bd370bd95715b285d63fbe0d49d,"Tue, 22 Aug 2023 11:20:50 -0700",2026-09-22,complete plain-text body; linked-source follow-up pending
ant,<cc6acd1c-384c-5775-f3e4-c26d547d03b7@apache.org>,topic-7372b3d7c63f4cdf,https://lists.apache.org/api/source.lua?id=px2o7yjyjonr8qqmp0cf4wxgbz8wq95p,research/data/asf-access-2026-09-21/sources/ant-2023-08.mbox.gz,54,3a68e838f0f0e0ade3f3fef776dfb3d809411572a1cdf1e84d7e02c5034b4a54,96a6a846bddb92c22ac85ee83abb380e726b0b4f797ec9a9b2249f61c97448af,"Wed, 23 Aug 2023 06:50:45 +0530",2026-09-22,complete plain-text body; linked-source follow-up pending
ant,<CAGwRHE1RqXOK+cWoKqiSfqkQckSF8YUKxr0AU58W2n2aASCEgA@mail.gmail.com>,topic-f635825f7119a7a7,https://lists.apache.org/api/source.lua?id=4yfpck304doc4s33n6d2yp5fdbl1zvrd,research/data/asf-access-2026-09-21/sources/ant-2023-08.mbox.gz,55,333c65149ae40776edd2b6cf8c8ed76a439ad0fe8cf7b3dcaf2b8a9cf2241dbc,a24702a044759ec2b126445b4d8a137a2163dad72940557c43ae0dfcb915b276,"Wed, 23 Aug 2023 13:38:29 +0530",2026-09-22,complete plain-text body; linked-source follow-up pending
ant,<CABLdh4ZjYoxUK6FAJua_k=BNYoAd6snKWz-+WD5TnMMWV8TPEQ@mail.gmail.com>,topic-7372b3d7c63f4cdf,https://lists.apache.org/api/source.lua?id=94hryyf42z1f1lcq0l8jl6486gt8t374,research/data/asf-access-2026-09-21/sources/ant-2023-08.mbox.gz,56,5793996d5e276d2ee094c69e69cfa7be0661a1adcbaa877af9b59d67f63fc8a9,5dbaf4829ea42e76bb717596cc85b76f12f1c4bbe98836b1436c1a132cbaac2e,"Wed, 23 Aug 2023 20:56:29 +1000",2026-09-22,complete plain-text body; linked-source follow-up pending
ant,<87r0nn47xy.fsf@v45346.1blu.de>,topic-7372b3d7c63f4cdf,https://lists.apache.org/api/source.lua?id=2m59bstb6vk3gkynkgp5jkh7wkff7kcj,research/data/asf-access-2026-09-21/sources/ant-2023-08.mbox.gz,58,a53c1660506a4e70e26a170d531cc8fc1cde877b646cd54067493ca27b3728a1,5acd1f13b40b7c0ab914f5b97a7a94d4bcb7d3546deb651175910de1b3205617,"Mon, 28 Aug 2023 15:23:21 +0200",2026-09-22,complete plain-text body; linked-source follow-up pending
ant,<87msyb474f.fsf@v45346.1blu.de>,topic-7372b3d7c63f4cdf,https://lists.apache.org/api/source.lua?id=d1rlr45pj31wgkgpplrnpkcmdzmyz9wk,research/data/asf-access-2026-09-21/sources/ant-2023-08.mbox.gz,59,9e98501c5f8a8fa0e5411a9ce20327d562366fdcae0e88b8ab7e416b4f7b7088,989f4a016e864beb30a1d045a49364b5cfda7020a3d7cc197e519eeadb3139df,"Mon, 28 Aug 2023 15:41:04 +0200",2026-09-22,complete plain-text body; linked-source follow-up pending
ant,<CACZkXPzLV5Wnx3U+qbx9WdEwVE4tKn365J0Ka=_DY7XH9GbYSA@mail.gmail.com>,topic-7372b3d7c63f4cdf,https://lists.apache.org/api/source.lua?id=t798j1r6dzkc5b65q60qwt8410lqcs55,research/data/asf-access-2026-09-21/sources/ant-2023-08.mbox.gz,60,2336d6238e3f1e3c9a61a2defb4e737d1b9ca9acbc7222a39fdea1acf0171dd4,4fa26795447d0ae60fe5e6a31e37f76e063e1d63d308dd8a41bc4aaa1461759d,"Mon, 28 Aug 2023 09:44:33 -0400",2026-09-22,complete plain-text body; linked-source follow-up pending
ant,<DM6PR19MB3739B3A76B5F8E26031882FE85E0A@DM6PR19MB3739.namprd19.prod.outlook.com>,topic-7372b3d7c63f4cdf,https://lists.apache.org/api/source.lua?id=618swjtogfcthpvswg11d62wwd8df5gl,research/data/asf-access-2026-09-21/sources/ant-2023-08.mbox.gz,61,193b3a6727137170bceac9749509679f55edb5aae6ad983f701985e494423a11,bae57f43eea44c32a697dcb0d8ebe0e4bdde553c92f47fb0603093aa859372a1,"Mon, 28 Aug 2023 14:43:04 +0000",2026-09-22,complete plain-text body; linked-source follow-up pending
ant,<87jztegi03.fsf@v45346.1blu.de>,topic-7372b3d7c63f4cdf,https://lists.apache.org/api/source.lua?id=lhbc6mvh068dp7jx9r2o3rnjvfddovgn,research/data/asf-access-2026-09-21/sources/ant-2023-08.mbox.gz,62,3f0bea797d17e4b2c036e69b3036c1fe992e633f1b191a8bbf2154baac9a3403,7cef383ca88cba09239a10564215302a03ba272e06a28f827e7ca5578e5a82d3,"Tue, 29 Aug 2023 14:17:32 +0200",2026-09-22,complete plain-text body; linked-source follow-up pending
ant,<35913106-012F-4768-9336-6AB44EEB0818@hibnet.org>,topic-7372b3d7c63f4cdf,https://lists.apache.org/api/source.lua?id=b78fcmdlgvodwrrcgjv33rwn3f20rjlw,research/data/asf-access-2026-09-21/sources/ant-2023-09.mbox.gz,2,a2e5a32e16f05a47a88a1c7890fcbc0c36bce2c339e4f5bdbe197ee041f0bcf6,97d79da8408429b1fe98b6f4cd560f798f56c4dd287cfe52af62facea72ae777,"Tue, 05 Sep 2023 18:52:38 +0200",2026-09-22,complete plain-text body; linked-source follow-up pending
ant,<3e2f89c0-67e5-08f4-df89-67dbef8c8527@apache.org>,topic-d4c548456c799a16,https://lists.apache.org/api/source.lua?id=ps4v2ropb1cv07cs1yt9xcmh0m82zlj4,research/data/asf-access-2026-09-21/sources/ant-2023-09.mbox.gz,5,b825659a16fa11d430244429394c6d4b24f88ab4772848a56b6905438c5c1d4f,2e678004b1e4621521ccbdb7ed6a83694e3787ea4de97607a57303314be013ba,"Fri, 08 Sep 2023 11:15:25 +0530",2026-09-22,complete plain-text body; linked-source follow-up pending
ant,<87h6o5w4fi.fsf@v45346.1blu.de>,topic-d4c548456c799a16,https://lists.apache.org/api/source.lua?id=nv0rbg0qct505prgfk5rd5t8sroddtfh,research/data/asf-access-2026-09-21/sources/ant-2023-09.mbox.gz,6,720a98ca299bd166ba27a34a1d5903294785454b81f5596c8903a61244459d27,4a8d67b9950f68014ad10d078dc4b8ba58321670e86143e11d9940def2b4d197,"Fri, 08 Sep 2023 08:43:29 +0200",2026-09-22,complete plain-text body; linked-source follow-up pending
ant,<2706f0b1-fec4-cf03-178c-0833c6e70d33@apache.org>,topic-d4c548456c799a16,https://lists.apache.org/api/source.lua?id=qk9vjc4d1ykc1vgt0sd2jnsyor2b9vtr,research/data/asf-access-2026-09-21/sources/ant-2023-09.mbox.gz,8,4e71d6090146b6ed49a676360ccab2bd868c349b9237e499902bea6c6d875817,a2826007575a2ed729b5bef7159238db313ca1fc96242ed6b5cc4174f330e673,"Mon, 11 Sep 2023 21:20:32 +0530",2026-09-22,complete plain-text body; linked-source follow-up pending
ant,<87zg1qoxyx.fsf@v45346.1blu.de>,topic-d4c548456c799a16,https://lists.apache.org/api/source.lua?id=ht40pp8ggzvrr1dzfpwohzm3ly6nj463,research/data/asf-access-2026-09-21/sources/ant-2023-09.mbox.gz,13,0463ec364aae31140a74e5600cf032eef04f65f369f0afd13d1de2af2aed2462,7fbf9b32732987e4f7aa45b41b60c141cb31993c88b58c31e54f0e265982c87e,"Wed, 13 Sep 2023 18:10:46 +0200",2026-09-22,complete plain-text body; linked-source follow-up pending
ant,<87bkbp3bpd.fsf_-_@v45346.1blu.de>,topic-71d6e7dc02ea1979,https://lists.apache.org/api/source.lua?id=zktymo3ymmkk5wdy7pqzdnlk9dzzh9qm,research/data/asf-access-2026-09-21/sources/ant-2023-11.mbox.gz,14,12e547b32429eb1541ee74981c224940fc98400b932bb6273390e232ea9bf90b,684458008ab0c5b76912e592fc284d1a169f9023f5d70de31f83e99de36e0779,"Sun, 19 Nov 2023 18:16:46 +0100",2026-09-22,complete plain-text body; linked-source follow-up pending
ant,<877cmd3ao2.fsf@v45346.1blu.de>,topic-e69359849fbcf554,https://lists.apache.org/api/source.lua?id=8nw2lmr4y59vmjj225mrjp6qzl6cywsk,research/data/asf-access-2026-09-21/sources/ant-2023-11.mbox.gz,15,df9f05a99a4057a0fd77ffeffb3ecf5eb5c6faf172719620dac713b68a9dd4e4,087d73e2f361b7ca0c7fc1cb850ba8c1ceca0e02c512e3ed2601454b685d47cb,"Sun, 19 Nov 2023 18:39:09 +0100",2026-09-22,complete plain-text body; linked-source follow-up pending
ant,<8734x13ajs.fsf@v45346.1blu.de>,topic-e69359849fbcf554,https://lists.apache.org/api/source.lua?id=3yrmz39h52jwb04sotpcw9cllpg8khd6,research/data/asf-access-2026-09-21/sources/ant-2023-11.mbox.gz,16,41ebd6ca3cba6c03f79618dea308f208ec886724a3924e641966a6437e96dc3d,203225740419627042bf98fa59872c68fc61b3c9e026ba8e9c114da59b1cbc11,"Sun, 19 Nov 2023 18:41:43 +0100",2026-09-22,complete plain-text body; linked-source follow-up pending
ant,<a2867c75-60f0-483a-b1c6-2c09adb6aac3@apache.org>,topic-e69359849fbcf554,https://lists.apache.org/api/source.lua?id=ol37w900bys4hwtqofk2o5c46lm1cnbw,research/data/asf-access-2026-09-21/sources/ant-2023-11.mbox.gz,17,ce6768bac5ee99fc2cb90b7b6c842a1a90320dcc18a06fbebf55f620377ef9d4,06cb7e087a35a6b7767b0f50497d924c11b0119bd06dbb2ffa25fa2ca3d337e0,"Mon, 20 Nov 2023 09:20:20 +0530",2026-09-22,complete plain-text body; linked-source follow-up pending
ant,<ea133f93-95f5-43a1-93bd-e409a5e843e4@famkruithof.net>,topic-e69359849fbcf554,https://lists.apache.org/api/source.lua?id=md3w96fgvggvn66702h3t87blj79d9vv,research/data/asf-access-2026-09-21/sources/ant-2023-11.mbox.gz,18,6ecd206405606a698c7c0aaab8ada092b95839dc37e184e8793475ac81441683,9bc809138d816b7b7c7e15eafb46b8af308af48121521bc3c28b719387326304,"Mon, 20 Nov 2023 07:18:28 +0100",2026-09-22,complete plain-text body; linked-source follow-up pending
ant,<B3AA3A4C-BCD9-46EA-922F-75135D7FBEA9@hibnet.org>,topic-71d6e7dc02ea1979,https://lists.apache.org/api/source.lua?id=0tfysmxtcf0c19g2wsnj69yr3yy1vbk6,research/data/asf-access-2026-09-21/sources/ant-2023-11.mbox.gz,19,fb1887f8d19a9b858df55f6e35fd0acbf93c01998f3753c089cef1771c469590,fc8036ebd8d6a49ec134babf32d14a61785a6891a118dc74c9a4dd3587d321c3,"Mon, 20 Nov 2023 15:28:26 +0100",2026-09-22,complete plain-text body; linked-source follow-up pending
ant,<2911E265-8DAB-4C35-BFAA-750BAE2E679A@hibnet.org>,topic-e69359849fbcf554,https://lists.apache.org/api/source.lua?id=tb1xxp25c2bfmtkjh7vdr2g22kv8tjol,research/data/asf-access-2026-09-21/sources/ant-2023-11.mbox.gz,20,15a1553420a896946e36b438ee4d038e43e1c03cc82ff7b17d128f1b0b07b7de,415b015c17de21f032a2f8dac582f0ebf5b8a1039da1940557832f4379e7172c,"Mon, 20 Nov 2023 15:35:19 +0100",2026-09-22,complete plain-text body; linked-source follow-up pending
ant,<0c0e6fb4-e5b5-6061-989c-4283136eac39@alaska.gov>,topic-71d6e7dc02ea1979,https://lists.apache.org/api/source.lua?id=r5oy5p5o5mqbyq0zxmy21thf76b865cm,research/data/asf-access-2026-09-21/sources/ant-2023-11.mbox.gz,21,89c81dfd81e3ccd1e5e27538a90ae86fa24a884b081d229ffebffb125dbb5235,c0832b3d757bfef566557dd2f261907228a07345ddb7ff359ed340eb5ab6d484,"Mon, 20 Nov 2023 11:53:20 -0900",2026-09-22,complete plain-text body; linked-source follow-up pending
ant,<38285780.3395507.1700555639680@mail.yahoo.com>,topic-e69359849fbcf554,https://lists.apache.org/api/source.lua?id=5bqywl9s1pnkjvs773sz9hjcp4pcynfs,research/data/asf-access-2026-09-21/sources/ant-2023-11.mbox.gz,23,591a4e3a30e0e4a3c714612ca7806dbd34dd94703c0a4106c372fc316edec976,5f9c386fffb57bb4317652de78156c1a610e70cbd9c9301064f35402b9516fe6,"Tue, 21 Nov 2023 08:33:59 +0000",2026-09-22,complete plain-text body; linked-source follow-up pending
ant,<CAFCRh--VAmuJLDJDk0_Ba2jPp+LBp-k2GTa0EYpXtafYR98JiA@mail.gmail.com>,topic-e69359849fbcf554,https://lists.apache.org/api/source.lua?id=xovvvddr3swdzby3r3k2q4v1t5np2yb5,research/data/asf-access-2026-09-21/sources/ant-2023-11.mbox.gz,24,6bea427947ef23e170dec0a39a2e345e107dc943f1d211f175c0ec16193da24b,d37a377c5e173c295563d0928406d15ab33ec7b8347c5c2500746a2dc1e3aa67,"Tue, 21 Nov 2023 09:35:58 +0100",2026-09-22,complete plain-text body; linked-source follow-up pending
ant,<878r6p1xqs.fsf@v45346.1blu.de>,topic-e69359849fbcf554,https://lists.apache.org/api/source.lua?id=2xoo59h0p9m9rly13xbkc9hccloqwsmt,research/data/asf-access-2026-09-21/sources/ant-2023-11.mbox.gz,26,b7287f9bf8d2d26dd74fcf2cf70b5ed4cf45ff861f2948c4502fd1436472ca20,c7dfd2c86ec0de417eff58cf4e989836c2b7c3a17da6543f4f0569ff7814e08d,"Wed, 22 Nov 2023 18:52:43 +0100",2026-09-22,complete plain-text body; linked-source follow-up pending
ant,<874jhd1xip.fsf@v45346.1blu.de>,topic-c19afd175af8cf8e,https://lists.apache.org/api/source.lua?id=1wq32t57xtjcpd11nlj53fqfhdkjn15g,research/data/asf-access-2026-09-21/sources/ant-2023-11.mbox.gz,27,0c616dbeab831963a6b808aa91fdaff5c6061764ac94ad046c0342ccb665038c,70f79dad6a035c52cef2c96bcad6fd20d05014dee5e045f3eda7ffa693f47ba7,"Wed, 22 Nov 2023 18:57:34 +0100",2026-09-22,complete plain-text body; linked-source follow-up pending
ant,<87zfz5q6px.fsf@v45346.1blu.de>,topic-c19afd175af8cf8e,https://lists.apache.org/api/source.lua?id=0vs2k2lxolt2vor727och72hxfzfps85,research/data/asf-access-2026-09-21/sources/ant-2023-11.mbox.gz,28,c9dc1c96791a370453b8e78bbed5bd4986819f85ee7ea297cba2a18232c0aacf,ede8b4bb96988922804a678e9d9ee9435ebd261e76c67d953cbf1dd317cbc833,"Thu, 23 Nov 2023 08:17:14 +0100",2026-09-22,complete plain-text body; linked-source follow-up pending
ant,<87v89tq6mg.fsf@v45346.1blu.de>,topic-754b30198bbbb341,https://lists.apache.org/api/source.lua?id=f8yfh8hqbchntsd7g7ycjcqvc157ymfv,research/data/asf-access-2026-09-21/sources/ant-2023-11.mbox.gz,29,e29b277e80048af768d5f60e11209f243c17487d5e34c482a552aa237dce1f1f,7b91f5cd9d942a2dadc3cd820a35dc0c59d6146bc84ab964e7886018f4a586d4,"Thu, 23 Nov 2023 08:19:19 +0100",2026-09-22,complete plain-text body; linked-source follow-up pending
ant,<3ec6f553-facd-401c-8b1c-cda2cff1ca4e@apache.org>,topic-754b30198bbbb341,https://lists.apache.org/api/source.lua?id=33nl7xgw2fwhzz6n7lq1m61f0plto0r0,research/data/asf-access-2026-09-21/sources/ant-2023-11.mbox.gz,30,fc215d52e8f64d5f189df2a1fa347bb1a457a68b9941f0e0387e7b7bd9923875,7ec2eb7a722e6d71831d64c0155545326cea9ae5ccb3f0a6b5e6ac21b1e392d5,"Thu, 23 Nov 2023 13:24:37 +0530",2026-09-22,complete plain-text body; linked-source follow-up pending
ant,<CAFCRh-9+DwZwtuANmgZ3_ubAmeR_002WXnwQamPv=SZium9DGA@mail.gmail.com>,topic-754b30198bbbb341,https://lists.apache.org/api/source.lua?id=42b8mdqz91x7bz4yhdvxgs5t3lxz9jpz,research/data/asf-access-2026-09-21/sources/ant-2023-11.mbox.gz,31,369e91abbbf7b81de2bc2250e0e78e4f2a9eddbf5a2202677d0d60dd73e8307e,87e8730aa1bf985260d5c708be5d40a86159f1f283685d5ce27c6501802d5ac8,"Thu, 23 Nov 2023 10:29:24 +0100",2026-09-22,complete plain-text body; linked-source follow-up pending
ant,<A815F423-E94F-42AD-8594-B121E6C30F74@hibnet.org>,topic-754b30198bbbb341,https://lists.apache.org/api/source.lua?id=ws0b516w2v5l3xj9714zcy45h60lflk8,research/data/asf-access-2026-09-21/sources/ant-2023-11.mbox.gz,32,3a19e2b15c5bb94e8451eb119309652d8c8ee50cec2d5686e127b7f0b9720809,96f4bbd8d06e242e644f621e7a0866cebf06e06a0138b1fb423cdf44de65869f,"Thu, 23 Nov 2023 18:08:31 +0100",2026-09-22,complete plain-text body; linked-source follow-up pending
ant,<869543697.3984808.1700776131780@mail.yahoo.com>,topic-754b30198bbbb341,https://lists.apache.org/api/source.lua?id=scv1hxvoozs2jcwj27k2kg8jhyj4jjqs,research/data/asf-access-2026-09-21/sources/ant-2023-11.mbox.gz,33,44e043fc0a8c3b28ed410730314dde196fa770098aa7aac2a1de695cb5bb35e5,14740da0f45ed6d4a6cd626fa3f4b39c8f8d374b9dfe6d3ecc18c7650577c994,"Thu, 23 Nov 2023 21:48:51 +0000",2026-09-22,complete plain-text body; linked-source follow-up pending
ant,<0d941b5b-ad95-44bb-b924-9b2549a043a6@famkruithof.net>,topic-754b30198bbbb341,https://lists.apache.org/api/source.lua?id=yxdqyc63k5tt197dpg1g730pzft569qb,research/data/asf-access-2026-09-21/sources/ant-2023-11.mbox.gz,34,70dd5442ce33a78b0e30b5a6ee9805028757f9f43708ff672adc5257fcb5c7e6,012378e572f2d289f5b424ed271af1e37a5a44734fbc0330263326dcad841b35,"Thu, 23 Nov 2023 22:57:53 +0100",2026-09-22,complete plain-text body; linked-source follow-up pending
ant,<87jzq4y210.fsf@v45346.1blu.de>,topic-9cb0a09162a705bf,https://lists.apache.org/api/source.lua?id=wo32q8s8o8z9m126gz3m533q2fnqq21o,research/data/asf-access-2026-09-21/sources/ant-2023-11.mbox.gz,36,367a153d13117c6646c31ec613e37f956a499b0c9025d42def2f9bb5ba14796d,43d0bfd9b2af0e95f2802e8a0dcb691798409f41e9d4074470f50f42f68797fb,"Sun, 26 Nov 2023 16:20:27 +0100",2026-09-22,complete plain-text body; linked-source follow-up pending
ant,<87fs0sy08o.fsf@v45346.1blu.de>,topic-9cb0a09162a705bf,https://lists.apache.org/api/source.lua?id=35nz4p52odn960w5fon5jbklwtz2bgdd,research/data/asf-access-2026-09-21/sources/ant-2023-11.mbox.gz,37,76c438ceb603c3c47136c4705bf40e99561e486ca80484e4301b9be7ab7d795d,1397a26138f7e38a11e508fa6c77a24f7ad2a6d1e04f9dbe084543b09ec9382a,"Sun, 26 Nov 2023 16:59:03 +0100",2026-09-22,complete plain-text body; linked-source follow-up pending
ant,<pony-d9075537-04f1-4737-b7db-f831dcb0d544-dev@ant.apache.org>,topic-7372b3d7c63f4cdf,https://lists.apache.org/api/source.lua?id=pxxz4g9mdtlso7r2fvqz28f1lpj1rnhb,research/data/asf-access-2026-09-21/sources/ant-2023-12.mbox.gz,2,7f163a4f6a911fa7ab965ffc2b5abb3630961a61ba2e0b73c73cec40c4245bfc,d2c53c92f552656da4c11b53917a897e4fe478e65ea5bc47012b3bae09b284b4,"Mon, 04 Dec 2023 16:15:51 -0000",2026-09-22,complete plain-text body; linked-source follow-up pending
ant,<CA+-7m9r2t+LdoX4k0wYOA8-DjGpGpf65=QRzB+mCoWThPAsJZw@mail.gmail.com>,topic-7372b3d7c63f4cdf,https://lists.apache.org/api/source.lua?id=09p11qo0q8mrsg0rbyywh92s1g5txzqq,research/data/asf-access-2026-09-21/sources/ant-2023-12.mbox.gz,3,e03b98958ebb2c231418f422e721a99c2deed98876ecf9837dd8090cd4807c3b,ee9cfb52286f300a0f0a661b165130d0f2836af4facf82fc54f2482f279a9d3e,"Mon, 04 Dec 2023 13:02:39 -0600",2026-09-22,complete plain-text body; linked-source follow-up pending
ant,<8734whg0i4.fsf@v45346.1blu.de>,topic-7372b3d7c63f4cdf,https://lists.apache.org/api/source.lua?id=9mw3k72nhdyybk1n3r95wz6ftfyodg8q,research/data/asf-access-2026-09-21/sources/ant-2023-12.mbox.gz,4,e538d6b798d747ce5996606dbcab5793613548913aacfc9b4ddf7cc6ac7ec359,b8448ed7ccccc004f366122d82d842c77a7fa2e349ad18f23c9f56bfa71bb5e8,"Mon, 04 Dec 2023 21:45:39 +0100",2026-09-22,complete plain-text body; linked-source follow-up pending
ant,<8d6ca10f-9a8f-418b-944c-5fb31e8a1673@apache.org>,topic-a329870759fa3aba,https://lists.apache.org/api/source.lua?id=9rs9k12vts5v0cqb8hj2k6v4f12cwlc1,research/data/asf-access-2026-09-21/sources/ant-2024-06.mbox.gz,4,d586b9b0f438bb9089737e87b1c2f757a6738bc006fe7df254224dbcc41c75ad,0dc1410773034bf2417d49a0768eab271729dcb37cc551947cbc175834551c5f,"Wed, 12 Jun 2024 10:55:27 +0530",2026-09-22,complete plain-text body; linked-source follow-up pending
ant,<b626c55b-dca0-4fad-a7c7-6a6146727f72@apache.org>,topic-a329870759fa3aba,https://lists.apache.org/api/source.lua?id=9q6m83p26t4ofptd668khmph9c6slbsp,research/data/asf-access-2026-09-21/sources/ant-2024-06.mbox.gz,5,b833945c44e35718a1e463a425630d787645d0f66c04e5e740638ba4abb72425,b6e1cc77df0c9538480e032ecb2da1b0b6ad8e2a052c0cbe31e29a1ff1436770,"Thu, 13 Jun 2024 13:52:08 +0530",2026-09-22,complete plain-text body; linked-source follow-up pending
ant,<bd0057f8-b0bb-49bb-b8cf-ec4536d6e44b@apache.org>,topic-2096767aaa6c4862,https://lists.apache.org/api/source.lua?id=46w8vzbyh34t70smm2g8w7pkb24l9sdd,research/data/asf-access-2026-09-21/sources/ant-2024-06.mbox.gz,8,ddf0e60fa1c5161720ff14fae24b9f0fdc2bf61742ae4d6bf5a9d736d3c0891e,c795d0f7678b75c1c2eb566be925e01821a09543661448bb0aa787710a8623a3,"Sun, 16 Jun 2024 11:40:55 +0530",2026-09-22,complete plain-text body; linked-source follow-up pending
ant,<b0e1c935-ea20-44d9-b191-0fe601eac570@apache.org>,topic-2096767aaa6c4862,https://lists.apache.org/api/source.lua?id=xdmvt6ws3vy9jhkx5bth8pk88swk8qh2,research/data/asf-access-2026-09-21/sources/ant-2024-06.mbox.gz,9,47b7bf1cd61448e85f1122a2ef19ef67b42fdad80a2abf8dcbc5012a6615bf5c,0cdb5a5a032f7f226361c7d6d291b6ab53377484a157bd42395600060dd40594,"Sun, 16 Jun 2024 11:44:11 +0530",2026-09-22,complete plain-text body; linked-source follow-up pending
ant,<CAFCRh-8Cx3K=EHCT6dDDDV-_Cp+LjiXO1Nq459i3sHB0-LMo5A@mail.gmail.com>,topic-2096767aaa6c4862,https://lists.apache.org/api/source.lua?id=3tpkxpz91hyrm7ycrp2k146nqnr77zy0,research/data/asf-access-2026-09-21/sources/ant-2024-06.mbox.gz,11,62dc5ff238ca624af5495113b74ac07956962e228ca7a96e9c4ffa110603fb0d,13076317d68a8a044eaf2b67200c76aedc8b72744769ec1babafd84beae069d0,"Sun, 16 Jun 2024 13:08:08 +0200",2026-09-22,complete plain-text body; linked-source follow-up pending
ant,<83E61D87-0287-42B8-B0A8-BBDD15B3FDEC@hibnet.org>,topic-2096767aaa6c4862,https://lists.apache.org/api/source.lua?id=89jrg22f4h6q2n9tcl3bq83hp1w71o3w,research/data/asf-access-2026-09-21/sources/ant-2024-06.mbox.gz,12,9f2e1dd23c3dcbf8d0f4d9d8b39b30f340b0c94abcff79370be300d57bc388ca,97c46f079f39c0cc2712b9fabf63f91228be5adda41beadffa24aecb200a41ab,"Sun, 16 Jun 2024 14:47:00 +0200",2026-09-22,complete plain-text body; linked-source follow-up pending
ant,<888D2EEA-829F-4590-BF1D-1693202A2E76@rbwhitcomb.com>,topic-2096767aaa6c4862,https://lists.apache.org/api/source.lua?id=cvdyt4jmq4jv3kqmb0ns78sxl629nh1d,research/data/asf-access-2026-09-21/sources/ant-2024-06.mbox.gz,13,1df556b2c315b6fa21ca65f12218defb8ee42bf343d58db5dbd020862c4bab64,a716078c7051aec8c2e0022f346deba9905c9949eae32e7f6e7a1e68158ac26f,"Mon, 17 Jun 2024 19:38:45 +0000",2026-09-22,complete plain-text body; linked-source follow-up pending
ant,<71b41867-312d-4c5c-87cd-4284cafc6b29@famkruithof.net>,topic-2096767aaa6c4862,https://lists.apache.org/api/source.lua?id=6m9384gqzwg1cfk8ptjoh8v1ykhdj42d,research/data/asf-access-2026-09-21/sources/ant-2024-06.mbox.gz,14,fd961e56b1381d33c58c4617849a38cdf42f86e610fc45269718c420458315c8,0ff4ff42421bb77a18a95259c5df3c623f99f4a0a1ff662c321eae7145c638e1,"Tue, 18 Jun 2024 06:48:21 +0200",2026-09-22,complete plain-text body; linked-source follow-up pending
ant,<1180676827.3917524.1718704776564@mail.yahoo.com>,topic-2096767aaa6c4862,https://lists.apache.org/api/source.lua?id=7cjqvqvfo1hqomopgpolw0hjhc4nccqh,research/data/asf-access-2026-09-21/sources/ant-2024-06.mbox.gz,15,33e979dcf538d1b86a1197950e2ff819ab619c69c3f7217b8f4073cbdecf5e24,759805c2efbd78b2d43ef632b87b590e23f5ff5a573454df042e847c04c33758,"Tue, 18 Jun 2024 09:59:36 +0000",2026-09-22,complete plain-text body; linked-source follow-up pending
ant,<aeadd836-3d61-4f60-865c-4e0f9541545c@apache.org>,topic-bb1e4429527f0127,https://lists.apache.org/api/source.lua?id=f6jw4v3gjwhqt5fz25og0my2o6xwvvm1,research/data/asf-access-2026-09-21/sources/ant-2024-06.mbox.gz,16,a3cfa827ef1f11a5b48eb45b0c7ac181023f7cd424267693ebba3d869851df52,324143213e5333f56458777842603d9cdb25194694c6247f0992e763b6acf281,"Wed, 19 Jun 2024 14:56:10 +0530",2026-09-22,complete plain-text body; linked-source follow-up pending
ant,<c2b2f954-9821-4f8c-a1bd-41be64dd6cd6@apache.org>,topic-bb1e4429527f0127,https://lists.apache.org/api/source.lua?id=z109pvt3yrsjtwzhgmdmnxsww9odk0c9,research/data/asf-access-2026-09-21/sources/ant-2024-06.mbox.gz,17,dd34d8d5549e937e801e60beae3a6a04a62567ffaf9f39d135247cc3f133524e,59cfc58eda9550ea64afdadfdf9b9357b5552cdfc9cab47c15f6168bca41d87f,"Wed, 19 Jun 2024 14:57:40 +0530",2026-09-22,complete plain-text body; linked-source follow-up pending
ant,<87a5jcnhql.fsf@v45346.1blu.de>,topic-2096767aaa6c4862,https://lists.apache.org/api/source.lua?id=t1c9fhn7xvcsg6xn6g9c6c1mn3rgp38p,research/data/asf-access-2026-09-21/sources/ant-2024-06.mbox.gz,19,0278c92c9db6dad502d5760383c92005b9e40e706c509fc558d4b01d905580c0,8fb646764956e531651e4b9da4d3e6f003a4ee7bb9ab513ab543f9809a0ade2a,"Sun, 23 Jun 2024 11:14:26 +0200",2026-09-22,complete plain-text body; linked-source follow-up pending
ant,<00415bf2-1aa6-4d7d-a038-ae7f62a1bf35@apache.org>,topic-7372b3d7c63f4cdf,https://lists.apache.org/api/source.lua?id=p9gjnm3sk94k9fdbl5mbkjnf6qd1ngmr,research/data/asf-access-2026-09-21/sources/ant-2024-10.mbox.gz,1,44d20f36561bcb85eaa2052043e242cb1e7edaa4022289d09c8ad97981782d88,b7760c3923e8bedb944b717cce1b0684e872c4e149ec421478a2c84e24871897,"Tue, 08 Oct 2024 20:26:09 +0530",2026-09-22,complete plain-text body; linked-source follow-up pending
ant,<DM6PR04MB7033B21DA25F712CFC8B5B17A37E2@DM6PR04MB7033.namprd04.prod.outlook.com>,topic-f635825f7119a7a7,https://lists.apache.org/api/source.lua?id=2wf6q9zg96cxk2f9fwohskbc1gjkpp6w,research/data/asf-access-2026-09-21/sources/ant-2024-10.mbox.gz,2,2ba426b54d02c8e72a4fa0c601f470a6e627b19ee3a4cc1887386a2478ca2cca,379e2334730a14e7fe9c0cae76ab9642e292445021dab7d4dac7ea993808d184,"Tue, 08 Oct 2024 15:27:03 +0000",2026-09-22,complete plain-text body; linked-source follow-up pending
ant,<457381523.1903503.1731840000859@mail.yahoo.com>,topic-7372b3d7c63f4cdf,https://lists.apache.org/api/source.lua?id=86ortvskcz97z3gdpjjs9lqp5kdtvwqv,research/data/asf-access-2026-09-21/sources/ant-2024-11.mbox.gz,11,2dfe4b520904bd64b0bf17237906803e07c53ee62472465ec42da8d5015eee22,9ad82594a70fb19a356396ee20acbf99a0b24ba4fa316e3929baa9a081fbdeab,"Sun, 17 Nov 2024 10:40:00 +0000",2026-09-22,complete plain-text body; linked-source follow-up pending
ant,<CACZkXPzDm7WQiGyzL24rBbs6_A4WmZsVSDNVvwcwLhyciGADhg@mail.gmail.com>,topic-7372b3d7c63f4cdf,https://lists.apache.org/api/source.lua?id=09glfgqhh5l7f04ftn0d2l0rplxrr9lz,research/data/asf-access-2026-09-21/sources/ant-2024-11.mbox.gz,12,2ce7f65bb5a2010d27e0bc50ac6a024d6f7cb35e6c45b0e7e9aff934c5d3b644,14b727905c6e2900e593c799f8b42af1a006912c7ffe451b7f177bcddbe7d40e,"Sun, 17 Nov 2024 06:25:17 -0500",2026-09-22,complete plain-text body; linked-source follow-up pending
ant,<9795f2a3-2acf-42dd-b2b1-e19fe7036fe7@apache.org>,topic-7372b3d7c63f4cdf,https://lists.apache.org/api/source.lua?id=chob3sf8bnng1490k5g7pcfn0wg0dwld,research/data/asf-access-2026-09-21/sources/ant-2024-11.mbox.gz,17,b6024749847d5181f5203905d8a1b2cc0223a43a40d743daa06c46034158078a,3bb7797b6c511977349f270665bb36d08eed4e93ecd06398be275bad3b8f808c,"Sun, 17 Nov 2024 19:55:51 +0530",2026-09-22,complete plain-text body; linked-source follow-up pending
ant,<87zfkjsl6d.fsf_-_@v45346.1blu.de>,topic-e2da244fc99c3d97,https://lists.apache.org/api/source.lua?id=zxnllopy0w7dynhxtfwbf8c943fj15w9,research/data/asf-access-2026-09-21/sources/ant-2024-12.mbox.gz,15,40d6ba55f24baa4d9636a064ebb5497f2e5bdf0b61fea2a10731cdde9079ae8b,61d816c397580c451fe4e262efb497bc7deb8ac969d5ee958ea80374a9bb52da,"Wed, 25 Dec 2024 18:54:18 +0100",2026-09-22,complete plain-text body; linked-source follow-up pending
ant,<1914601477.3864168.1735210568036@mail.yahoo.com>,topic-e2da244fc99c3d97,https://lists.apache.org/api/source.lua?id=0xpdqtfo5djd1w7l4j9c1qoo9fz820kx,research/data/asf-access-2026-09-21/sources/ant-2024-12.mbox.gz,16,d15c8d2b134a0f35cb50ff4f90fe60b68019abf036d2a527a44559df2d2e8663,91550f099e2365e2493d23963863c57231ced6b791dbc5fc24253f10cfc903e7,"Thu, 26 Dec 2024 10:56:08 +0000",2026-09-22,complete plain-text body; linked-source follow-up pending
ant,<CAHgmaKqMFu5ot4hR-e5_WOFkFdP8hgEb83C6m8JnxOF2syOnmA@mail.gmail.com>,topic-2a57fc189985693a,https://lists.apache.org/api/source.lua?id=g2c0rqp6pvhsvt5yfybzzz6tjxxv9y79,research/data/asf-access-2026-09-21/sources/ant-2025-03.mbox.gz,2,2b2b363cc32066d2e0df177e1acff8aa90b3c9d53558cd5266d24169cf5ad3ce,ef65eec5ace8f1bdfc2dfea5928c096cd7f724f35cb1b144ce92dddc71bc7971,"Wed, 26 Mar 2025 01:20:11 +0100",2026-09-22,complete plain-text body; linked-source follow-up pending
ant,<73fbd6cf-9ef8-4cf7-8bd9-bc5d2157ab68@apache.org>,topic-2a57fc189985693a,https://lists.apache.org/api/source.lua?id=h25c64wboq763tl1msv9oz35wl3v84pf,research/data/asf-access-2026-09-21/sources/ant-2025-03.mbox.gz,3,120a9f414d75907403bb37617f2ecc204b72eb4c5cdf9cc7612aa74c968c3326,ec6de4f8c4ae11d6452b77fffd1677b0a32a20180e2c62f1ecaee2b493a0b98e,"Wed, 26 Mar 2025 06:19:00 +0530",2026-09-22,complete plain-text body; linked-source follow-up pending
ant,<CAHgmaKqj0gnqgpUoGWG8dx62pk7-uLKfQ51SOm1Uyr1iqzSvrw@mail.gmail.com>,topic-2a57fc189985693a,https://lists.apache.org/api/source.lua?id=5xp2p38rhby98j01ol38kzzk738w51x6,research/data/asf-access-2026-09-21/sources/ant-2025-03.mbox.gz,4,bdb29c0e7de9d7dda2daf7682c0ee8eba8f0e6b702a8f2a886d2b07da644773f,bd913713891f9c63a5b7a0556830e15d47c176de2651ec514f9a7b176ddcef2d,"Wed, 26 Mar 2025 20:19:55 +0100",2026-09-22,complete plain-text body; linked-source follow-up pending
ant,<b04795c4-3ff8-47e7-9ee7-8dda8cb19aac@apache.org>,topic-2a57fc189985693a,https://lists.apache.org/api/source.lua?id=1bbwogplq464rzw6s3rg04l0w74tvjvr,research/data/asf-access-2026-09-21/sources/ant-2025-04.mbox.gz,1,6f0306a1d848259244f38f517d1b4e9dd96d8259aa9f9f329dce80e57ca53bfa,1e4a1145c5169242aac51ffc3f31cae3a7828eb0dd9b6324e28b455dc09e0641,"Tue, 01 Apr 2025 12:33:17 +0530",2026-09-22,complete plain-text body; linked-source follow-up pending
ant,<1006129139.84739.1745269379100@mail.yahoo.com>,topic-2a57fc189985693a,https://lists.apache.org/api/source.lua?id=ztc5qdb11z98r3q0krfmb5oontnw4dfr,research/data/asf-access-2026-09-21/sources/ant-2025-04.mbox.gz,3,7e4f41dc39c974eb9b41c237397b4e82be92f1dc8795fcdf8de6cbb236388467,8f9db0b16bd2613315d249fdc340a128f7d08f543808392a80f5dbf7848b6ff2,"Mon, 21 Apr 2025 21:02:59 +0000",2026-09-22,complete plain-text body; linked-source follow-up pending
ant,<87cyboon5w.fsf@v45346.1blu.de>,topic-d541747f7be4cb58,https://lists.apache.org/api/source.lua?id=fbjnvdrn1oft7hktortc3rk93kpnlllv,research/data/asf-access-2026-09-21/sources/ant-2025-05.mbox.gz,19,d8838d381ea1030d364b47447bae1095be1d7ec70525ef9b0cfdbae5bfd54a17,5ab7cce168de1cd0e9113c3e4ea8cbceb68b0c7d6ebcb5c579488f201f0dfd82,"Sat, 31 May 2025 16:44:11 +0200",2026-09-22,complete plain-text body; linked-source follow-up pending
ant,<87bjqjssai.fsf@v45346.1blu.de>,topic-474ca7689f10fa3d,https://lists.apache.org/api/source.lua?id=zqyg6x95dk4yx00hpmx8qnlzqv0dn1ss,research/data/asf-access-2026-09-21/sources/ant-2025-06.mbox.gz,42,1a5a7f274d99acccbad14c7615f7d87f828c8f9ac9c08c06e5010a3820d88431,0f16ca726b04e07db16e398fbaebdeba14abb0678edfa39eb4629f3f4b610b4c,"Thu, 19 Jun 2025 16:46:29 +0200",2026-09-22,complete plain-text body; linked-source follow-up pending
ant,<CAOQrJk73PcXT1uNEe58e16iec8S6tz2-n6sxmhzJr5M2N1b+gA@mail.gmail.com>,topic-e46f9324ff9dfe03,https://lists.apache.org/api/source.lua?id=9bl6vk33blcfgfcx9lvwhcph3bd9t3jb,research/data/asf-access-2026-09-21/sources/ant-2025-09.mbox.gz,15,b616bcafc39e96270bb24db0ca7fabaae6c608fd3e702843914ba7a08d6bdac7,84a175811e9f862635a809ec015dafd08eb0ca6da11e45eb38d6d1e6afa50b89,"Sat, 06 Sep 2025 14:37:59 +0100",2026-09-22,complete plain-text body; linked-source follow-up pending
ant,<874it6634g.fsf@v45346.1blu.de>,topic-e46f9324ff9dfe03,https://lists.apache.org/api/source.lua?id=y5ogv784nq88w40jwn7rr0txr3t88c14,research/data/asf-access-2026-09-21/sources/ant-2025-09.mbox.gz,27,ea9178b0721c5a8adde471428a7c88bba6df998968aa376f4ae47021e942d90b,40fb6d39063a8aa326599f9441f2248da8aad18bf1004db4fb59248274375b66,"Sat, 13 Sep 2025 12:47:11 +0200",2026-09-22,complete plain-text body; linked-source follow-up pending
ant,<CAOQrJk7=o-JE0g32FJTfz4XnaaxtPFdonnYJSBUxE2zm_rTvPw@mail.gmail.com>,topic-e46f9324ff9dfe03,https://lists.apache.org/api/source.lua?id=sd3stqjwot88mj0rcsbg0bb03k6dn852,research/data/asf-access-2026-09-21/sources/ant-2025-09.mbox.gz,28,a38685bbd592c2a34aebcc441d946e13b598ffde315c4e35b47bb521e51799b1,dcaf499ec77a12ec0b05b2fa204e452a41dde927ba788116cf490a6330951c34,"Sat, 13 Sep 2025 13:58:18 +0100",2026-09-22,complete plain-text body; linked-source follow-up pending
ant,<87seelnn5l.fsf@v45346.1blu.de>,topic-be9afc394c43b23d,https://lists.apache.org/api/source.lua?id=kctywshvyqtmljfjwcy51sdt926jcjz0,research/data/asf-access-2026-09-21/sources/ant-2025-11.mbox.gz,3,6b0837e3a497f1d3df37249d25337c7122b2fa1cf309c9f1a13079f8425c315f,b3884e8028b5849e727ab4d7c4b90b5bbe80fe32e6d87f445d478eeaf0967bd8,"Tue, 11 Nov 2025 06:39:18 +0100",2026-09-22,complete plain-text body; linked-source follow-up pending
ant,<decd10be-248e-4b98-8ef2-17bc496c7d1f@apache.org>,topic-be9afc394c43b23d,https://lists.apache.org/api/source.lua?id=5cc5tm7573424x1l9zfwonnm4k4z3p3j,research/data/asf-access-2026-09-21/sources/ant-2025-11.mbox.gz,4,086d21be251e88da816ba0eb1269698a5fab651fe43062a45b3c53e937fcdd3f,9d5a8b375c7b9efdb9052b5f8d26f5fdc27a2a346612a2effe136ca1d90e702b,"Sat, 15 Nov 2025 18:18:37 +0530",2026-09-22,complete plain-text body; linked-source follow-up pending
ant,<87qztztga0.fsf@v45346.1blu.de>,topic-be9afc394c43b23d,https://lists.apache.org/api/source.lua?id=j7gtsg40c4k7hx1qkw4jool9f2kn6jnj,research/data/asf-access-2026-09-21/sources/ant-2025-11.mbox.gz,5,2baf1e57e157209a16471ead4b69d97cb5b28457f2b298e8efb70e253e7355df,41bf156270879e5e8828ee0cb9cc48c0499835524f6dcdbcd98812fa32158372,"Sat, 15 Nov 2025 17:24:55 +0100",2026-09-22,complete plain-text body; linked-source follow-up pending
ant,<CALVNWHXrQknZLKgfexd=t-RtbdrFC9A8ZRU_AhVWOcYF-jLukg@mail.gmail.com>,topic-be9afc394c43b23d,https://lists.apache.org/api/source.lua?id=rx1fjkzlc4xomf4rhhkbbo9l8qyhjq7d,research/data/asf-access-2026-09-21/sources/ant-2025-11.mbox.gz,6,81d0c608e8ab70c0d12788fa1cd35503e0ccd0887f8f97c087d97fdf7a9f1f72,a751f26c101f63e6f4057f165f9c6c569b9015444e116631d8f700553ba43259,"Sat, 15 Nov 2025 17:47:58 +0100",2026-09-22,complete plain-text body; linked-source follow-up pending
ant,<87346f3z77.fsf@v45346.1blu.de>,topic-be9afc394c43b23d,https://lists.apache.org/api/source.lua?id=q5yrk2xzdcqtrhofr118cnwj2mnjo8n0,research/data/asf-access-2026-09-21/sources/ant-2025-11.mbox.gz,7,b699d2ccb660edf11445a1e7ba65d2dbd8fc769858dd02d54b1bfc25d755ce81,703b89724dba5d3ab76104ccb64bb39cf615cd9da85496172c7873ab00c508ef,"Sat, 15 Nov 2025 19:53:00 +0100",2026-09-22,complete plain-text body; linked-source follow-up pending
ant,<CALVNWHWPLs19PokDy=eFGa2f5FvS1v=dPopGS5d_4y5Y6B9OkA@mail.gmail.com>,topic-be9afc394c43b23d,https://lists.apache.org/api/source.lua?id=m4t8wsk815s7wq0fzrohp34ztkpc113p,research/data/asf-access-2026-09-21/sources/ant-2025-11.mbox.gz,8,9e68b909d2bfa4070a4e9882fccf01b36de968b829b0c85a2f6cb3bfaf6541d6,2b4f27a3ca132e1c26ca2f382179ea9f3ac39e50869f9c589368827a8d9479ba,"Sat, 15 Nov 2025 21:02:02 +0100",2026-09-22,complete plain-text body; linked-source follow-up pending
ant,<87ikf9963r.fsf@v45346.1blu.de>,topic-be9afc394c43b23d,https://lists.apache.org/api/source.lua?id=x9t1scyyq7ojkmhov5scnkszvpdvg4fz,research/data/asf-access-2026-09-21/sources/ant-2025-11.mbox.gz,9,6753675061217c27a2106c10a252722f8d23d5721d211529240d030a2132e1d5,f9e99d47c2e9738b17b63fb5bd70bd4d1248bc548ac0cb6c92ee9f23e01833d9,"Sun, 16 Nov 2025 19:37:12 +0100",2026-09-22,complete plain-text body; linked-source follow-up pending
ant,<CALVNWHXT_we5FitORuDxtQhXN8KzFCG2jsYYKbcyQuAsfK+96A@mail.gmail.com>,topic-be9afc394c43b23d,https://lists.apache.org/api/source.lua?id=zrz77oxqox4w87bkctj935svg7bc791z,research/data/asf-access-2026-09-21/sources/ant-2025-11.mbox.gz,10,63965c59659df6ac5f46f02ddd1d0911fbfa0622cc39dbde04736d99fe8f6cd6,7f925d3ed0a48f2ea450fb2282b3d19582647d5de628264405ff63ebdfd503dc,"Sun, 16 Nov 2025 22:14:00 +0100",2026-09-22,complete plain-text body; linked-source follow-up pending
ant,<CALVNWHW1Hu7ODUryJDdt-DF5HmJugx7DdN=6OfvfoaQeKDc96w@mail.gmail.com>,topic-be9afc394c43b23d,https://lists.apache.org/api/source.lua?id=ocwt778ydyns17nvz6v0bjo86hjjph4x,research/data/asf-access-2026-09-21/sources/ant-2025-11.mbox.gz,11,04f60f058eb8347b303b24bc9daf05c56fceab535dcabd0871711130c7b59219,586f4ef8bb9b01b37d3733ad01c97f1e6ff4e42114441fc45e92dac0e8c4cea3,"Fri, 21 Nov 2025 06:44:43 +0100",2026-09-22,complete plain-text body; linked-source follow-up pending
ant,<87y0nzobub.fsf@v45346.1blu.de>,topic-be9afc394c43b23d,https://lists.apache.org/api/source.lua?id=4jsyyvyfdhjkckhlohphh1qxhdqh7yrs,research/data/asf-access-2026-09-21/sources/ant-2025-11.mbox.gz,14,bbe8b46400265313535b3f263afce2aa55f97159b52dfdf1474a29ed433245c1,6139fde90ab0822e2ee513412b8104906c12b121cdb943a0e53c0a72827e99ac,"Fri, 21 Nov 2025 12:37:48 +0100",2026-09-22,complete plain-text body; linked-source follow-up pending
ant,<CALVNWHXjtuWete4Y3sP5Fq=DK8WkVH5mf9c7uDPv8ghRhcpRYw@mail.gmail.com>,topic-be9afc394c43b23d,https://lists.apache.org/api/source.lua?id=nomj9ly6sygrkkbk173w87fkporwd3jn,research/data/asf-access-2026-09-21/sources/ant-2025-11.mbox.gz,15,0fc038f98dd612ac245f31f0dbca17697da69b0bd8dc43245fdc32901cffe4d7,c4bf7c3551fbd4ce4cf4ab7aca0e02435175cb016e5645de013066281f593ef7,"Wed, 26 Nov 2025 22:29:54 +0100",2026-09-22,complete plain-text body; linked-source follow-up pending
