topic_id,project,first_date,subject,message_count,review_state,classification,reason
topic-122569a1583cf6ea,ant,2023-01-04,[VOTE] Release Apache Ant 1.10.13 based on RC1,5,body_reviewed_followup_pending,release_family_followup_pending,"Ant 1.10.13: January 4 formal vote and January 10 passage/announcement; May discussion quotes a December 2022 planning exchange, which remains baseline context to retrieve. No directed foundation change identified in these bodies."
topic-124ecf7f2dab2bf2,ant,2023-01-10,[ANNOUNCE] Apache Ant 1.10.13 released,1,body_reviewed_followup_pending,release_family_followup_pending,"Ant 1.10.13: January 4 formal vote and January 10 passage/announcement; May discussion quotes a December 2022 planning exchange, which remains baseline context to retrieve. No directed foundation change identified in these bodies."
topic-b2adbc7ab352b28c,ant,2023-01-30,Pass secret to Exec task,2,body_reviewed_followup_pending,excluded_user_support,Exec task piping/secret handling advice; no binding technical-direction or foundation-service request in the inspected exchange.
topic-5c69b632afa1e2ac,ant,2023-02-23,Improvement ideas for Ant 1.10.13,7,body_reviewed_followup_pending,excluded_ordinary_patch,Tar-library fixes / Ivy cache troubleshooting. Complete bodies read; no foundation-project decision request identified. Preserve release/dependency references as context if needed later.
topic-2b441ba8ce689bbd,ant,2023-04-14,Need Help Understanding Ivy's dependency/artifacts,3,body_reviewed_followup_pending,excluded_ordinary_patch,Ivy classifier/POM translation bug and code review; no directed foundation-project commitment change in the inspected exchange.
topic-eae65ede393fb282,ant,2023-05-15,Release Ant 1.10.13?,2,body_reviewed_followup_pending,release_context_followup_pending,May 2023 replies concern SecurityManager workaround regressions and quote December 2022 planning. This is not a new formal release opening; preserve the earlier reference and external dependency context.
topic-e2eca134c81c53ca,ant,2023-08-07,How to use custom .ivy2 directory,2,body_reviewed_followup_pending,excluded_user_support,Configuration help for custom Ivy cache directory; no organizational decision request in the inspected exchange.
topic-57c18ec9e9d4a50e,ant,2023-08-12,Release Ant 1.10.14?,2,body_reviewed_followup_pending,release_family_followup_pending,"Ant 1.10.14: August 12 planning, August 16 formal vote, August 20 passage, August 21 announcement; September replies concern launcher regression. One release deliverable; Java changes are external dependency context, not foundation conduct."
topic-c8669d116ffa1b22,ant,2023-08-13,Release Ivy 2.5.2,2,body_reviewed_followup_pending,release_family_followup_pending,"Ivy 2.5.2: August 13 planning; August 17 RC1 cancelled for NOTICE year, then RC2; August 20 passage/announcement. Both candidates belong to one deliverable. Missing Eclipse build environment does not establish a foundation service refusal."
topic-26fe7d8896cec63a,ant,2023-08-16,[VOTE] Release Apache Ant 1.10.14 based on RC1,8,body_reviewed_followup_pending,release_family_followup_pending,"Ant 1.10.14: August 12 planning, August 16 formal vote, August 20 passage, August 21 announcement; September replies concern launcher regression. One release deliverable; Java changes are external dependency context, not foundation conduct."
topic-0101531a6020caf0,ant,2023-08-17,[CANCELLED][VOTE] Release Ivy 2.5.2 Based on RC1,1,body_reviewed_followup_pending,release_family_followup_pending,"Ivy 2.5.2: August 13 planning; August 17 RC1 cancelled for NOTICE year, then RC2; August 20 passage/announcement. Both candidates belong to one deliverable. Missing Eclipse build environment does not establish a foundation service refusal."
topic-77e133d97c97552a,ant,2023-08-17,[VOTE] Release Ivy 2.5.2 Based on RC1,4,body_reviewed_followup_pending,release_family_followup_pending,"Ivy 2.5.2: August 13 planning; August 17 RC1 cancelled for NOTICE year, then RC2; August 20 passage/announcement. Both candidates belong to one deliverable. Missing Eclipse build environment does not establish a foundation service refusal."
topic-9a0060f4c5765d09,ant,2023-08-17,[VOTE] Release Ivy 2.5.2 Based on RC2,4,body_reviewed_followup_pending,release_family_followup_pending,"Ivy 2.5.2: August 13 planning; August 17 RC1 cancelled for NOTICE year, then RC2; August 20 passage/announcement. Both candidates belong to one deliverable. Missing Eclipse build environment does not establish a foundation service refusal."
topic-12614694745a3403,ant,2023-08-20,CVE-2022-46751: Apache Ivy: XML External Entity vulnerability in Apache Ivy,1,body_reviewed_followup_pending,security_context_followup_pending,Published vulnerability disclosure linked to Ivy 2.5.2 states November 30 2022 report to ASF security team and August 20 2023 publication. Preserve the nonpublic reference and external security context; do not substitute disclosure date for earlier onset.
topic-48f7e15e42ca30a7,ant,2023-08-20,[ANN] Apache Ivy 2.5.2 Released,1,body_reviewed_followup_pending,release_family_followup_pending,"Ivy 2.5.2: August 13 planning; August 17 RC1 cancelled for NOTICE year, then RC2; August 20 passage/announcement. Both candidates belong to one deliverable. Missing Eclipse build environment does not establish a foundation service refusal."
topic-85d8d7fb6812346c,ant,2023-08-20,[RESULT] Release Ivy 2.5.2 Based on RC2,1,body_reviewed_followup_pending,release_family_followup_pending,"Ivy 2.5.2: August 13 planning; August 17 RC1 cancelled for NOTICE year, then RC2; August 20 passage/announcement. Both candidates belong to one deliverable. Missing Eclipse build environment does not establish a foundation service refusal."
topic-b99c0fa686c472fc,ant,2023-08-20,[RESULT] Release Apache Ant 1.10.14 based on RC1,1,body_reviewed_followup_pending,release_family_followup_pending,"Ant 1.10.14: August 12 planning, August 16 formal vote, August 20 passage, August 21 announcement; September replies concern launcher regression. One release deliverable; Java changes are external dependency context, not foundation conduct."
topic-b651c1351459c196,ant,2023-08-21,[ANNOUNCE] Apache Ant 1.10.14 released,3,body_reviewed_followup_pending,release_family_followup_pending,"Ant 1.10.14: August 12 planning, August 16 formal vote, August 20 passage, August 21 announcement; September replies concern launcher regression. One release deliverable; Java changes are external dependency context, not foundation conduct."
topic-43d75af61c362ab0,ant,2023-10-01,Need help with Ant tests,3,body_reviewed_followup_pending,excluded_user_support,"RAT AntUnit troubleshooting and a repair PR; delayed volunteer response is self-report, not a foundation service decision."
topic-936778472cfc2862,ant,2023-11-17,Issues with how Ivy processes maven dependency management dependencies compared to adding a classifier key,8,body_reviewed_followup_pending,service_candidate_followup_pending,"Ordinary classifier patch discussion contains a separate February 2024 Jira self-service rejection, proposed Infra escalation, reported repair, and maintainer account approval. Technical patch and account access are different deliverables; actual Infra request/receiver record and dated authority remain missing."
topic-48361e2cb6c8f1df,ant,2023-11-21,Packaging ivy with Eclipse,2,body_reviewed_followup_pending,excluded_user_support,Question about packaging Ivy with Eclipse and informal licensing opinion; no requested or exercised foundation authorization is identified. No legal conclusion is coded.
topic-ca48674c30367e05,ant,2023-11-26,[ANN] Apache IvyDE Retired,1,body_reviewed_followup_pending,governance_family_followup_pending,Retirement announcement explicitly links the November 26 IvyDE vote. Retain as follow-up to the existing retirement candidate; do not create another retirement or independently infer Infra execution.
topic-15b65a2cacd0971b,ant,2023-12-13,IVY-1576 still exist in 2.5.2,5,body_reviewed_followup_pending,excluded_ordinary_patch,Tar-library fixes / Ivy cache troubleshooting. Complete bodies read; no foundation-project decision request identified. Preserve release/dependency references as context if needed later.
topic-006fb091271e5e1b,ant,2024-02-21,Release Ant 1.10.15?,4,body_reviewed_followup_pending,release_family_followup_pending,"Ant 1.10.15: February planning and July/August reminders precede August 18 formal vote. RC1 cancelled August 21 over manual/contributor omissions; August 25 explanation preserves contributor preference and RC2; August 29 passage/announcement. One release family, with retry retained."
topic-e2d514033678f75f,ant,2024-08-18,[VOTE] Release Apache Ant 1.10.15 based on RC1,4,body_reviewed_followup_pending,release_family_followup_pending,"Ant 1.10.15: February planning and July/August reminders precede August 18 formal vote. RC1 cancelled August 21 over manual/contributor omissions; August 25 explanation preserves contributor preference and RC2; August 29 passage/announcement. One release family, with retry retained."
topic-33b05c75bcbfca54,ant,2024-08-21,[CANCELLED] Release Apache Ant 1.10.15 based on RC1,1,body_reviewed_followup_pending,release_family_followup_pending,"Ant 1.10.15: February planning and July/August reminders precede August 18 formal vote. RC1 cancelled August 21 over manual/contributor omissions; August 25 explanation preserves contributor preference and RC2; August 29 passage/announcement. One release family, with retry retained."
topic-0de0d9c9d8fa5930,ant,2024-08-25,[VOTE] Release Apache Ant 1.10.15 based on RC2,5,body_reviewed_followup_pending,release_family_followup_pending,"Ant 1.10.15: February planning and July/August reminders precede August 18 formal vote. RC1 cancelled August 21 over manual/contributor omissions; August 25 explanation preserves contributor preference and RC2; August 29 passage/announcement. One release family, with retry retained."
topic-395779ca6838dba3,ant,2024-08-25,Issues noticed in RC1 of 1.10.15 have been addressed (was: [VOTE] ...),1,body_reviewed_followup_pending,release_family_followup_pending,"Ant 1.10.15: February planning and July/August reminders precede August 18 formal vote. RC1 cancelled August 21 over manual/contributor omissions; August 25 explanation preserves contributor preference and RC2; August 29 passage/announcement. One release family, with retry retained."
topic-05551c28c7f503b7,ant,2024-08-29,[ANNOUNCE] Apache Ant 1.10.15 released,1,body_reviewed_followup_pending,release_family_followup_pending,"Ant 1.10.15: February planning and July/August reminders precede August 18 formal vote. RC1 cancelled August 21 over manual/contributor omissions; August 25 explanation preserves contributor preference and RC2; August 29 passage/announcement. One release family, with retry retained."
topic-b683718cf5bba55f,ant,2024-08-29,[RESULT] Release Apache Ant 1.10.15 based on RC2,1,body_reviewed_followup_pending,release_family_followup_pending,"Ant 1.10.15: February planning and July/August reminders precede August 18 formal vote. RC1 cancelled August 21 over manual/contributor omissions; August 25 explanation preserves contributor preference and RC2; August 29 passage/announcement. One release family, with retry retained."
topic-d917f7ba5a2e5720,ant,2024-11-09,Ivy 2.5.2 incompatibility with JDK 21 due to Pack200 removal,3,body_reviewed_followup_pending,ambiguous_service_role_followup_pending,Pack200/JDK build troubleshooting also includes a November 9 Jira account approval. Retain the service act for role/authority and family review rather than exclude the entire thread as technical support.
topic-a1bdfa98df29126e,ant,2024-12-23,[VOTE] Ivy 2.5.3 Release,6,body_reviewed_followup_pending,release_family_followup_pending,"Ivy 2.5.3: December 23 2024 formal vote, December 29 passage, January 2 2025 announcement. The announcement does not open a 2025 family. DOAP follow-up was read in the accepted checkpoint; signed-tag request and update-site uncertainty remain release context."
topic-8992a490886fc1d1,ant,2024-12-29,[RESULT] Ivy 2.5.3 Release,1,body_reviewed_followup_pending,release_family_followup_pending,"Ivy 2.5.3: December 23 2024 formal vote, December 29 passage, January 2 2025 announcement. The announcement does not open a 2025 family. DOAP follow-up was read in the accepted checkpoint; signed-tag request and update-site uncertainty remain release context."
topic-e74470ec31bf288f,ant,2025-01-02,[Announce] Release of Apache Ivy 2.5.3,1,body_reviewed_followup_pending,release_family_followup_pending,"Ivy 2.5.3: December 23 2024 formal vote, December 29 passage, January 2 2025 announcement. The announcement does not open a 2025 family. DOAP follow-up was read in the accepted checkpoint; signed-tag request and update-site uncertainty remain release context."
topic-87870da9ff4237e8,ant,2025-05-29,Support for -cp launcher option,2,body_reviewed_followup_pending,excluded_user_support,Question about undocumented launcher option and compatibility advice; no binding change is requested in the inspected exchange.
topic-fba105efb032b4ef,ant,2025-06-26,In less than four weeks Ant's first release will be 25 years old,2,body_reviewed_followup_pending,excluded_social_discussion,"Release anniversary and possible celebration, with no directed governance, service, or release decision request."
topic-d669cdc2c08ef352,ant,2025-10-15,Get task progress bar,4,body_reviewed_followup_pending,excluded_ordinary_patch,Get-task progress-bar patch review and reminders; requester delay is not a foundation-project service commitment.
